feature,value,count_train,fraud_count_train,fraud_rate_train,global_fraud_rate_train,fraud_rate_diff_train,lift_train,count_valid,fraud_count_valid,fraud_rate_valid,global_fraud_rate_valid,fraud_rate_diff_valid,lift_valid,lift_diff_valid_train,lift_ratio_valid_train,fraud_rate_diff_valid_train
low_mcc_entropy_x_high_max_amount_30d,1,713,162,0.22720897615708274,0.025471428571428572,0.20173754758565418,8.920150494108688,150,34,0.22666666666666666,0.0252,0.20146666666666666,8.994708994708994,0.07455850060030578,1.008358435167791,-0.0005423094904160874
low_mcc_entropy_x_low_night_ratio,1,696,181,0.2600574712643678,0.025471428571428572,0.23458604269293923,10.20977172658763,159,36,0.22641509433962265,0.0252,0.20121509433962265,8.984725965858042,-1.2250457607295893,0.8800124239389784,-0.03364237692474514
low_night_ratio_x_high_max_amount_30d,1,728,124,0.17032967032967034,0.025471428571428572,0.14485824175824177,6.687087449846844,157,32,0.20382165605095542,0.0252,0.17862165605095542,8.088160954402992,1.4010735045561482,1.2095192434456226,0.03349198572128509
low_mcc_entropy_x_low_spending_trend,1,733,175,0.23874488403819918,0.025471428571428572,0.21327345546677062,9.37304648495454,130,26,0.2,0.0252,0.1748,7.936507936507937,-1.4365385484466024,0.8467372853000091,-0.03874488403819917
night_unusual_group,very_high,2339,167,0.07139803334758443,0.025471428571428572,0.04592660477615586,2.80306356384235,496,41,0.08266129032258064,0.0252,0.05746129032258064,3.2802099334357395,0.4771463695933895,1.170223171025458,0.011263256974996208
low_mcc_entropy_x_card_not_present,1,4570,419,0.09168490153172866,0.025471428571428572,0.06621347296030008,3.5995194095462737,969,70,0.07223942208462332,0.0252,0.04703942208462332,2.8666437335167982,-0.7328756760294755,0.7963962425422086,-0.01944547944710534
night_ratio_group,very_low,6924,503,0.07264586943963028,0.025471428571428572,0.0471744408682017,2.8520532029019177,1503,108,0.0718562874251497,0.0252,0.0466562874251497,2.85143997718848,-0.0006132257134376928,0.9997849876318581,-0.0007895820144805804
cross_border_x_low_country_diversity,1,1692,86,0.0508274231678487,0.025471428571428572,0.025355994596420125,1.9954680996911995,400,26,0.065,0.0252,0.0398,2.5793650793650795,0.58389697967388,1.2926115323375136,0.014172576832151305
night_ratio_group,low,14006,622,0.04440953876909896,0.025471428571428572,0.018938110197670385,1.7435040458984448,3085,133,0.043111831442463534,0.0252,0.017911831442463534,1.7107869620025211,-0.03271708389592365,0.9812348672467237,-0.0012977073266354222
credit_util_risk_group,low,10611,381,0.035906135142776366,0.025471428571428572,0.010434706571347794,1.4096631856390047,2284,97,0.04246935201401051,0.0252,0.01726935201401051,1.6852917465877186,0.2756285609487139,1.1955279548768543,0.006563216871234144
night_unusual_group,high,7144,294,0.04115341545352744,0.025471428571428572,0.015681986882098865,1.615669703727942,1406,58,0.041251778093883355,0.0252,0.016051778093883355,1.6369753211858473,0.02130561745790538,1.0131868638717174,9.836264035591874e-05
currency,KRW,1981,38,0.019182231196365473,0.025471428571428572,-0.0062891973750630985,0.7530881568960085,444,18,0.04054054054054054,0.0252,0.015340540540540543,1.6087516087516087,0.8556634518556002,2.136206222185419,0.02135830934417507
merchant_country,PH,3444,99,0.028745644599303136,0.025471428571428572,0.0032742160278745637,1.1285446561700614,749,29,0.03871829105473965,0.0252,0.013518291054739652,1.5364401212198275,0.40789546504976615,1.3614349343273706,0.009972646455436517
merchant_country,KR,3519,79,0.02244955953395851,0.025471428571428572,-0.0030218690374700617,0.8813624045861446,781,30,0.03841229193341869,0.0252,0.01321229193341869,1.5242972989451862,0.6429348943590416,1.7294784634380471,0.01596273239946018
amount_to_max_group,below_half_max,21845,777,0.03556878004119936,0.025471428571428572,0.010097351469770786,1.396418734090833,4602,174,0.03780964797913951,0.0252,0.012609647979139507,1.5003828563150599,0.10396412222422691,1.074450534507806,0.0022408679379401497
decline_rate_risk_group,low,16873,630,0.03733775854916138,0.025471428571428572,0.01186632997773281,1.4658682548745354,3634,136,0.03742432581177765,0.0252,0.012224325811777653,1.4850922941181608,0.019224039243625368,1.0131144379220876,8.656726261627168e-05
currency,GBP,5395,119,0.02205746061167748,0.025471428571428572,-0.0034139679597510915,0.8659687284449936,1074,39,0.036312849162011177,0.0252,0.011112849162011176,1.4409860778575863,0.5750173494125926,1.664016296271028,0.014255388550333696
message_type,0100-AuthReq,8902,212,0.023814873062233205,0.025471428571428572,-0.001656555509195367,0.9349641695772991,1962,69,0.035168195718654434,0.0252,0.009968195718654434,1.3955633221688268,0.4605991525915277,1.4926382914835423,0.011353322656421229
currency,SGD,1978,56,0.028311425682507583,0.025471428571428572,0.002839997111079011,1.1114973627456706,460,16,0.034782608695652174,0.0252,0.009582608695652174,1.3802622498274673,0.2687648870817967,1.2418043396666971,0.0064711830131445915
auth_result,AVS_FAIL,8905,211,0.02369455362156092,0.025471428571428572,-0.001776874949867651,0.9302404674757512,1900,65,0.034210526315789476,0.0252,0.009010526315789476,1.3575605680868839,0.4273201006111327,1.4593652008187943,0.010515972694228555
time_period,late_evening,5931,168,0.02832574607991907,0.025471428571428572,0.0028543175084904983,1.1120595768897,1179,39,0.03307888040712468,0.0252,0.007878880407124679,1.3126539844097094,0.20059440752000945,1.1803809890299828,0.004753134327205609
term_location,POS_TERMINAL,10180,247,0.024263261296660118,0.025471428571428572,-0.001208167274768454,0.9525677458026967,2189,72,0.0328917313841937,0.0252,0.007691731384193698,1.3052274358807023,0.3526596900780057,1.3702200607376342,0.00862847008753358
merchant_country,ID,3468,83,0.023933102652825836,0.025471428571428572,-0.0015383259186027357,0.9396058248445365,736,24,0.03260869565217391,0.0252,0.007408695652173912,1.2939958592132506,0.3543900343687141,1.3771688335905978,0.008675592999348076
txn_count_7d_group,11_20,8184,187,0.0228494623655914,0.025471428571428572,-0.0026219662058371736,0.897062459669881,1743,56,0.0321285140562249,0.0252,0.0069285140562248965,1.2749410339771785,0.37787857430729754,1.421239980352223,0.009279051690633498
day_name,Wednesday,9873,238,0.024106148080623925,0.025471428571428572,-0.0013652804908046469,0.9463995320491726,2199,70,0.031832651205093224,0.0252,0.0066326512050932235,1.2632004446465566,0.31680091259738397,1.3347433092836531,0.007726503124469299
amount_to_max_group,near_max,19962,693,0.034715960324616775,0.025471428571428572,0.009244531753188203,1.3629373094353192,4312,136,0.03153988868274583,0.0252,0.006339888682745827,1.2515828842359455,-0.11135442519937366,0.9182982039256029,-0.003176071641870948
merchant_country,VN,3516,96,0.027303754266211604,0.025471428571428572,0.0018323256947830324,1.0719365107318073,769,24,0.031209362808842653,0.0252,0.006009362808842653,1.2384667781286767,0.16653026739686938,1.1553545984993319,0.003905608542631049
txn_velocity_group,high,2742,76,0.027716994894237783,0.025471428571428572,0.002245566322809211,1.0881602033632332,578,18,0.031141868512110725,0.0252,0.005941868512110725,1.2357884330202669,0.1476282296570337,1.1356677335424359,0.003424873617872942
currency,THB,2754,65,0.023602033405954976,0.025471428571428572,-0.001869395165473596,0.9266081539073743,597,18,0.03015075376884422,0.0252,0.00495075376884422,1.1964584828906437,0.26985032898326944,1.291223778416071,0.006548720362889244
credit_util_risk_group,medium,10496,343,0.032679115853658534,0.025471428571428572,0.0072076872822299624,1.2829714580796956,2223,67,0.03013945119208277,0.0252,0.004939451192082771,1.1960099679397924,-0.08696149013990317,0.932218686141091,-0.0025396646615757634
credit_util_risk_group,high,10520,310,0.029467680608365018,0.025471428571428572,0.003996252036936446,1.1568915550115262,2202,66,0.02997275204359673,0.0252,0.0047727520435967286,1.1893949223649496,0.03250336735342341,1.0280954305392989,0.0005050714352317111
payment_channel,MOBILE_APP,10028,246,0.024531312325488632,0.025471428571428572,-0.0009401162459399398,0.9630913419989928,2144,64,0.029850746268656716,0.0252,0.004650746268656716,1.1845534233593935,0.2214620813604007,1.2299491963771418,0.005319433943168084
day_name,Thursday,10082,252,0.024995040666534418,0.025471428571428572,-0.0004763879048941544,0.9812971658201959,2131,63,0.02956358517128109,0.0252,0.00436358517128109,1.1731581417175037,0.19186097589730777,1.1955177100113474,0.004568544504746672
auth_characteristics,FORCE_POST,11535,280,0.024273948851322065,0.025471428571428572,-0.001197479720106507,0.9529873357221226,2447,72,0.029423784225582346,0.0252,0.004223784225582346,1.1676104851421565,0.2146231494200339,1.2252109132512166,0.005149835374260281
auth_result,BIOMETRIC_FAIL,8590,219,0.02549476135040745,0.025471428571428572,2.3332778978878838e-05,1.0009160373126873,1846,53,0.028710725893824486,0.0252,0.003510725893824486,1.1393145195962098,0.13839848228352247,1.1382718189997536,0.0032159645434170353
term_location,ONLINE_PORTAL,9991,264,0.026423781403262937,0.025471428571428572,0.0009523528318343653,1.0373890623827289,2134,61,0.02858481724461106,0.0252,0.003384817244611059,1.1343181446274229,0.09692908224469399,1.0934356112533388,0.0021610358413481218
high_ip_score_x_card_not_present,1,4474,113,0.025257040679481448,0.025471428571428572,-0.0002143878919471237,0.9915832011013468,982,28,0.028513238289205704,0.0252,0.003313238289205704,1.1314777098891153,0.13989450878776855,1.1410819661842864,0.003256197609724256
recurring_flag,MOTO_PHONE,14044,344,0.024494446026773,0.025471428571428572,-0.0009769825446555719,0.9616439831038194,3066,87,0.02837573385518591,0.0252,0.0031757338551859082,1.1260211847295996,0.16437720162578018,1.170933529812457,0.0038812878284129083
card_entry_mode,CONTACTLESS,11655,282,0.024195624195624196,0.025471428571428572,-0.0012758043758043756,0.9499123352179998,2393,67,0.027998328458002507,0.0252,0.0027983284580025067,1.1110447800794645,0.16113244486146472,1.1696287517467145,0.0038027042623783106
card_entry_mode,QR_CODE,11643,301,0.025852443528300267,0.025471428571428572,0.0003810149568716954,1.014958523264733,2488,68,0.027331189710610933,0.0252,0.0021311897106109333,1.0845710202623386,0.06961249699760574,1.0685865425368344,0.001478746182310666
auth_characteristics,FALLBACK_MAG,11786,296,0.025114542677753267,0.025471428571428572,-0.0003568858936753051,0.9859887759073072,2495,68,0.027254509018036072,0.0252,0.002054509018036072,1.081528135636352,0.09553935972904481,1.0968970042729265,0.0021399663402828055
txn_velocity_group,very_low,37050,950,0.02564102564102564,0.025471428571428572,0.0001695970695970682,1.0066583257833959,7921,215,0.02714303749526575,0.0252,0.0019430374952657502,1.0771046625105456,0.07044633672714973,1.0699803834656083,0.0015020118542401102
card_entry_mode,TOKEN_IN_APP,11622,290,0.02495267595938737,0.025471428571428572,-0.0005187526120412032,0.9796339411986067,2480,67,0.027016129032258064,0.0252,0.001816129032258064,1.072068612391193,0.09243467119258642,1.09435633680182,0.0020634530728706954
txn_count_7d_group,6_10,4575,119,0.026010928961748635,0.025471428571428572,0.0005395003903200628,1.0211806098274843,967,26,0.02688728024819028,0.0252,0.0016872802481902802,1.0669555654043763,0.04577495557689204,1.0448255226269911,0.0008763512864416456
auth_result,BIOMETRIC_PASS,8710,212,0.0243398392652124,0.025471428571428572,-0.0011315893062161728,0.9555741719376712,1934,52,0.02688728024819028,0.0252,0.0016872802481902802,1.0669555654043763,0.11138139346670506,1.1165596513814215,0.002547440982977881
payment_channel,ATM,9867,253,0.02564102564102564,0.025471428571428572,0.0001695970695970682,1.0066583257833959,2121,57,0.026874115983026876,0.0252,0.0016741159830268755,1.066433173929638,0.05977484814624212,1.0593794791697022,0.0012330903420012355
txn_velocity_group,medium,7152,179,0.025027964205816555,0.025471428571428572,-0.0004434643656120174,0.982589733262568,1527,41,0.026850032743942372,0.0252,0.0016500327439423722,1.065477489838983,0.0828877565764149,1.08435642332313,0.0018220685381258178
merchant_country,BR,3633,89,0.024497660335810623,0.025471428571428572,-0.0009737682356179486,0.9617701758310396,751,20,0.02663115845539281,0.0252,0.0014311584553928086,1.0567920021981274,0.09502182636708778,1.0987988894396554,0.0021334981195821855
time_period,evening,11686,283,0.024217011809002226,0.025471428571428572,-0.0012544167624263455,0.9507520059619494,2569,68,0.02646944336317633,0.0252,0.0012694433631763313,1.0503747366339815,0.09962273067203209,1.1047830863806098,0.002252431554174105
pin_verif_method,SIGNATURE,17564,457,0.026019130038715553,0.025471428571428572,0.0005477014672869811,1.0215025814414407,3741,99,0.026463512429831595,0.0252,0.0012635124298315953,1.0501393821361744,0.028636800694733733,1.0280339963764853,0.00044438239111604244
merchant_country,AE,3561,105,0.02948609941027801,0.025471428571428572,0.004014670838849439,1.1576146711830964,720,19,0.02638888888888889,0.0252,0.0011888888888888886,1.0471781305114638,-0.11043654067163255,0.9045999119349748,-0.0030972105213891224
cross_border,False,56037,1503,0.026821564323571925,0.025471428571428572,0.0013501357521433534,1.0530058904374844,11965,315,0.02632678646050982,0.0252,0.001126786460509819,1.0447137484329294,-0.00829214200455497,0.9921252643769778,-0.0004947778630621062
merchant_country,CA,3419,87,0.02544603685288096,0.025471428571428572,-2.539171854761338e-05,0.9990031293896058,760,20,0.02631578947368421,0.0252,0.0011157894736842089,1.0442773600668336,0.0452742306772278,1.0453194072170435,0.0008697526208032505
payment_channel,POS_TERMINAL,9843,246,0.024992380371837854,0.025471428571428572,-0.00047904819959071823,0.9811927235157878,2131,56,0.02627874237447208,0.0252,0.001078742374472079,1.0428072370822254,0.061614513566437656,1.062795525310121,0.0012863620026342254
recurring_flag,SINGLE_PURCHASE,13934,351,0.025190182287928808,0.025471428571428572,-0.0002812462834997642,0.9889583623976537,2941,77,0.026181570894253655,0.0252,0.0009815708942536548,1.0389512259624467,0.049992863564793044,1.0505510286530548,0.0009913886063248473
day_name,Monday,9950,277,0.0278391959798995,0.025471428571428572,0.002367767408470927,1.0929577782349775,2179,57,0.026158788435061954,0.0252,0.0009587884350619538,1.038047160121506,-0.05491061811347153,0.9497596154611694,-0.001680407544837545
tokenised,False,38484,999,0.02595884003741815,0.025471428571428572,0.0004874114659895769,1.0191356156025073,8264,216,0.026137463697967087,0.0252,0.0009374636979670864,1.0372009403955194,0.01806532479301204,1.0177261234900574,0.00017862366054893775
currency,EUR,10023,237,0.0236456150853038,0.025471428571428572,-0.0018258134861247714,0.9283191564617308,2146,56,0.0260950605778192,0.0252,0.0008950605778191983,1.0355182768975872,0.10719912043585644,1.1154765778280038,0.002449445492515398
ip_score_bin,high,7666,182,0.02374119488651187,0.025471428571428572,-0.001730233684916701,0.932071588365581,1650,43,0.026060606060606062,0.0252,0.0008606060606060617,1.0341510341510343,0.10207944578545325,1.1095188888387149,0.002319411174094191
ip_score_risk_group,high,7666,182,0.02374119488651187,0.025471428571428572,-0.001730233684916701,0.932071588365581,1650,43,0.026060606060606062,0.0252,0.0008606060606060617,1.0341510341510343,0.10207944578545325,1.1095188888387149,0.002319411174094191
time_period,night,17408,443,0.025448069852941176,0.025471428571428572,-2.335871848739568e-05,0.9990829443106463,3570,93,0.026050420168067228,0.0252,0.0008504201680672278,1.0337468320661598,0.034663887755513545,1.0346957046141303,0.0006023503151260517
auth_result,CVV_FAIL,8780,208,0.02369020501138952,0.025471428571428572,-0.0017812235600390518,0.9300697424550007,1882,49,0.026036131774707757,0.0252,0.0008361317747077567,1.0331798323296728,0.10311008987467207,1.1108627493801069,0.0023459267633182367
ip_score_bin,low,23989,624,0.026011922130976698,0.025471428571428572,0.0005404935595481261,1.0212196013283055,5225,136,0.026028708133971293,0.0252,0.0008287081339712933,1.0328852434115592,0.011665642083253713,1.0114232443802067,1.6786002994595428e-05
ip_score_risk_group,low,23989,624,0.026011922130976698,0.025471428571428572,0.0005404935595481261,1.0212196013283055,5225,136,0.026028708133971293,0.0252,0.0008287081339712933,1.0328852434115592,0.011665642083253713,1.0114232443802067,1.6786002994595428e-05
merchant_country,MY,3492,99,0.028350515463917526,0.025471428571428572,0.0028790868924889537,1.113032014848136,730,19,0.026027397260273973,0.0252,0.0008273972602739731,1.0328332246140466,-0.08019879023408949,0.927945656466155,-0.0023231182036435524
message_type,0500-Advice,8766,214,0.024412502851927902,0.025471428571428572,-0.0010589257195006696,0.9584269207150606,1834,47,0.025627044711014176,0.0252,0.00042704471101417604,1.0169462186910387,0.0585192979759781,1.0610576515017551,0.0012145418590862739
auth_characteristics,CRYPTOGRAM_PRESENT,11629,305,0.026227534611746497,0.025471428571428572,0.0007561060403179255,1.0296844771857852,2462,63,0.025588952071486596,0.0252,0.00038895207148659586,1.0154346060113728,-0.014249871174412343,0.9861609332991798,-0.0006385825402599014
currency,VND,2002,55,0.027472527472527472,0.025471428571428572,0.0020010989010989,1.0785624919107812,392,10,0.025510204081632654,0.0252,0.00031020408163265345,1.0123096857790737,-0.06625280613170759,0.9385730473967185,-0.0019623233908948184
payment_channel,API_SERVER,10053,264,0.026260817666368248,0.025471428571428572,0.0007893890949396756,1.0309911590834422,2164,55,0.02541589648798521,0.0252,0.0002158964879852114,1.008567320951794,-0.022423838131648166,0.9782502120291376,-0.000844921178383036
card_present,False,45672,1201,0.026296198984060257,0.025471428571428572,0.0008247704126316847,1.0323802181066841,9663,245,0.025354444789402877,0.0252,0.0001544447894028765,1.0061287614842411,-0.026251456622442992,0.9745719095188027,-0.00094175419465738
time_period,morning,17543,452,0.025765262497862394,0.025471428571428572,0.0002938339264338223,1.0115358243692472,3788,96,0.025343189017951427,0.0252,0.00014318901795142697,1.0056821038869614,-0.005853720482285718,0.9942130359247049,-0.0004220734799109671
term_location,BRANCH_COUNTER,9848,269,0.027315190901705932,0.025471428571428572,0.0018437623302773598,1.0723855093210404,2171,55,0.025333947489636112,0.0252,0.00013394748963611175,1.0053153765728615,-0.06707013274817886,0.9374570682812563,-0.00198124341206982
recurring_flag,RECURRING_SUBSCRIPTION,14005,356,0.025419493038200642,0.025471428571428572,-5.193553322793004e-05,0.9979610278598121,3010,76,0.02524916943521595,0.0252,4.91694352159483e-05,1.0019511680641249,0.003990140204312764,1.0039982916055066,-0.00017032360298469343
high_ip_high_amount_flag,0,69898,1781,0.025479985121176572,0.025471428571428572,8.556549748000436e-06,1.0003359273597083,14976,378,0.025240384615384616,0.0252,4.038461538461574e-05,1.001602564102564,0.0012666367428557646,1.0012662103868775,-0.00023960050579195646
pin_verif_method,NONE,17551,464,0.026437240043302376,0.025471428571428572,0.0009658114718738044,1.0379174442126564,3844,97,0.025234131113423517,0.0252,3.413111342351685e-05,1.001354409262838,-0.036563034949818496,0.9647726935138591,-0.0012031089298788593
message_type,0400-Reversal,8693,225,0.025882894282756242,0.025471428571428572,0.0004114657113276701,1.016154009979213,1864,47,0.02521459227467811,0.0252,1.459227467811089e-05,1.0005790585189727,-0.01557495146024035,0.9846726457879827,-0.000668302008078131
amount_to_mean_group,extreme,69966,1783,0.02548380642026127,0.025471428571428572,1.237784883269949e-05,1.0004859503187262,14993,378,0.02521176549056226,0.0252,1.1765490562261338e-05,1.0004668845461215,-1.9065772604687226e-05,0.9999809424884181,-0.0002720409296990099
high_decline_high_amount_flag,0,69997,1783,0.025472520250867894,0.025471428571428572,1.0916794393224516e-06,1.0000428589796706,14999,378,0.025201680112007466,0.0252,1.6801120074662335e-06,1.0000666711114075,2.381213173685559e-05,1.000023810111236,-0.000270840138860428
private_ip_high_score_flag,0,69998,1783,0.02547215634732421,0.025471428571428572,7.277758956383829e-07,1.0000285722449214,15000,378,0.0252,0.0252,0.0,1.0,-2.8572244921365453e-05,0.9999714275714856,-0.00027215634732421015
high_velocity_high_amount_flag,0,70000,1783,0.025471428571428572,0.025471428571428572,0.0,1.0,15000,378,0.0252,0.0252,0.0,1.0,0.0,0.9999999989999999,-0.00027142857142857177
high_ip_score_x_card_not_present,0,65526,1670,0.02548606659951775,0.025471428571428572,1.4638028089177663e-05,1.0005746842211118,14018,350,0.02496789841632187,0.0252,-0.00023210158367812858,0.9907896196953123,-0.009785064525799525,0.9902205545769557,-0.000518168183195878
merchant_country,JP,3478,76,0.02185163887291547,0.025471428571428572,-0.0036197896985131033,0.8578882339338658,722,18,0.024930747922437674,0.0252,-0.0002692520775623257,0.9893153937475268,0.13142715981366093,1.1531984627622183,0.003079109049522206
card_present,True,24328,582,0.023923051627754027,0.025471428571428572,-0.0015483769436745454,0.9392112248697598,5337,133,0.024920367247517332,0.0252,-0.00027963275248266833,0.9889034622030687,0.04969223733330885,1.0529084778424482,0.0009973156197633053
txn_count_7d_group,gt_20,50832,1301,0.0255941139439723,0.025471428571428572,0.00012268537254372935,1.0048165878171964,10897,271,0.02486923006332018,0.0252,-0.00033076993667981863,0.9868742088619119,-0.0179423789552845,0.9821436268519361,-0.0007248838806521198
payment_channel,SMART_WATCH,10102,276,0.027321322510393983,0.025471428571428572,0.0018498939389654107,1.072626234283555,2094,52,0.024832855778414518,0.0252,-0.0003671442215854824,0.985430784857719,-0.08719544942583612,0.9187084488915325,-0.002488466731979465
currency,INR,1960,47,0.023979591836734693,0.025471428571428572,-0.0014918367346938785,0.9414309750821248,443,11,0.024830699774266364,0.0252,-0.00036930022573363613,0.9853452291375541,0.04391425405542926,1.0466462801534144,0.0008511079375316706
message_type,0510-AdviceRsp,8791,222,0.025253099761119325,0.025471428571428572,-0.00021832881030924706,0.9914284819284087,1858,46,0.024757804090419805,0.0252,-0.0004421959095801953,0.9824525432706271,-0.008975938657781568,0.9909464577502665,-0.00049529567069952
ip_score_bin,medium,38242,975,0.025495528476544113,0.025471428571428572,2.4099905115541193e-05,1.000946154435271,8101,199,0.024564868534748797,0.0252,-0.0006351314652512027,0.9747963704265395,-0.026149784008731358,0.973874933365062,-0.0009306599417953157
ip_score_risk_group,medium,38242,975,0.025495528476544113,0.025471428571428572,2.4099905115541193e-05,1.000946154435271,8101,199,0.024564868534748797,0.0252,-0.0006351314652512027,0.9747963704265395,-0.026149784008731358,0.973874933365062,-0.0009306599417953157
pin_verif_method,ONLINE_PIN,17504,414,0.023651736745886654,0.025471428571428572,-0.0018196918255419178,0.9285594908648714,3665,90,0.02455661664392906,0.0252,-0.0006433833560709409,0.9744689144416293,0.04590942357675787,1.0494415521880625,0.0009048798980424051
pin_verif_method,OFFLINE_PIN,17381,448,0.02577527184857028,0.025471428571428572,0.000303843277141707,1.0119287882220525,3750,92,0.024533333333333334,0.0252,-0.0006666666666666661,0.9735449735449736,-0.038383814677078854,0.9620686592911468,-0.0012419385152369448
auth_result,CVV_PASS,8928,221,0.024753584229390682,0.025471428571428572,-0.0007178443420378898,0.9718176646423711,1895,46,0.024274406332453827,0.0252,-0.0009255936675461734,0.9632700925576916,-0.008547572084679489,0.9912045506200697,-0.0004791778969368554
merchant_country,DE,3461,94,0.027159780410286046,0.025471428571428572,0.0016883518388574742,1.0662841439820658,785,19,0.024203821656050957,0.0252,-0.0009961783439490432,0.9604691133353555,-0.10581503064671038,0.9007628199812628,-0.002955958754235089
cross_border_x_low_country_diversity,0,68308,1697,0.02484335656145693,0.025471428571428572,-0.0006280720099716419,0.9753420971968508,14600,352,0.02410958904109589,0.0252,-0.0010904109589041089,0.9567297238530116,-0.01861237334383925,0.9809170809111505,-0.0007337675203610387
tokenised,True,31516,784,0.02487625333164107,0.025471428571428572,-0.0005951752397875022,0.9766336136931435,6736,162,0.024049881235154395,0.0252,-0.0011501187648456056,0.9543603664743807,-0.02227324721876278,0.9771938546004676,-0.0008263720964866751
message_type,0200-FinReq,8641,237,0.027427381090151602,0.025471428571428572,0.00195595251872303,1.076790059624572,1750,42,0.024,0.0252,-0.0011999999999999997,0.9523809523809524,-0.12440910724361964,0.8844629860611283,-0.0034273810901516016
night_unusual_group,not_night,46674,1173,0.02513176500835583,0.025471428571428572,-0.0003396635630727417,0.9866649190044353,10252,246,0.023995317986734297,0.0252,-0.001204682013265703,0.9521951582037419,-0.034469760800693416,0.965064368762053,-0.0011364470216215332
day_name,Friday,9985,233,0.023335002503755635,0.025471428571428572,-0.002136426067672937,0.9161246075506979,1710,41,0.023976608187134502,0.0252,-0.0012233918128654979,0.9514527058386707,0.03532809828797279,1.0385625459225045,0.0006416056833788673
merchant_country,CN,3439,89,0.02587961616749055,0.025471428571428572,0.0004081875960619784,1.0160253122402347,751,18,0.023968042609853527,0.0252,-0.001231957390146473,0.9511128019783146,-0.06491251026192013,0.9361113247711261,-0.001911573557637023
recurring_flag,MOTO_MAIL,14048,378,0.026907744874715263,0.025471428571428572,0.0014363163032866909,1.0563893108413172,2989,71,0.023753763800602207,0.0252,-0.0014462361993977935,0.9426096746270717,-0.11377963621424547,0.8922938390810445,-0.003153981074113056
low_mcc_entropy_x_low_spending_trend,0,69267,1608,0.023214517735718306,0.025471428571428572,-0.0022569108357102657,0.9113944147505785,14870,352,0.02367182246133154,0.0252,-0.0015281775386684592,0.939358034179823,0.027963619429244524,1.030682235864058,0.0004573047256132348
term_location,WEARABLE_PAY,9898,279,0.0281875126288139,0.025471428571428572,0.0027160840573853297,1.106632576565885,2077,49,0.023591718825228696,0.0252,-0.0016082811747713047,0.9361793184614562,-0.1704532581044289,0.8459712260781689,-0.004595793803585206
payment_channel,IVR_PHONE,9902,249,0.02514643506362351,0.025471428571428572,-0.000324993507805061,0.9872408606021569,2205,52,0.023582766439909298,0.0252,-0.0016172335600907022,0.9358240650757658,-0.05141679552639111,0.9479186908421227,-0.001563668623714213
merchant_country,US,3442,100,0.02905287623474724,0.025471428571428572,0.003581447663318669,1.140606470236852,679,16,0.023564064801178203,0.0252,-0.0016359351988217974,0.9350819365546906,-0.20552453368216128,0.8198111795216325,-0.005488811433569038
message_type,0110-AuthRsp,8736,210,0.02403846153846154,0.025471428571428572,-0.0014329670329670322,0.9437421804219337,1914,45,0.023510971786833857,0.0252,-0.0016890282131661431,0.9329750709061054,-0.010767109515828266,0.9885910466568258,-0.0005274897516276827
term_location,KIOSK,9933,251,0.02526930433907178,0.025471428571428572,-0.0002021242323567915,0.9920646683875629,2088,49,0.02346743295019157,0.0252,-0.001732567049808429,0.9312473392933163,-0.06081732909424664,0.9386962040168295,-0.0018018713888802093
auth_characteristics,CARD_PRESENT,11770,320,0.027187765505522515,0.025471428571428572,0.0017163369340939434,1.0673828297176533,2557,60,0.023464998044583497,0.0252,-0.0017350019554165028,0.9311507160549007,-0.13623211366275256,0.8723680850560832,-0.003722767460939018
card_entry_mode,MANUAL_KEYED,11750,307,0.026127659574468085,0.025471428571428572,0.0006562310030395133,1.0257634157110296,2557,60,0.023464998044583497,0.0252,-0.0017350019554165028,0.9311507160549007,-0.09461269965612884,0.9077636235463615,-0.002662661529884588
merchant_country,GB,3514,94,0.026750142287990893,0.025471428571428572,0.0012787137165623207,1.0502018845537646,770,18,0.023376623376623377,0.0252,-0.0018233766233766227,0.927643784786642,-0.12255809976712262,0.8833004373225833,-0.003373518911367515
currency,USD,26780,707,0.02640029873039582,0.025471428571428572,0.0009288701589672474,1.036467140284749,5694,133,0.02335792061819459,0.0252,-0.0018420793818054101,0.9269016118331187,-0.10956552845163026,0.8942894327399334,-0.0030423781122012293
low_night_ratio_x_high_max_amount_30d,0,69272,1659,0.02394907033144705,0.025471428571428572,-0.0015223582399815222,0.9402327107130081,14843,346,0.023310651485548745,0.0252,-0.001889348514451255,0.9250258526011407,-0.015206858111867394,0.9838264943110073,-0.0006384188458983045
day_name,Sunday,10025,255,0.02543640897755611,0.025471428571428572,-3.501959387246234e-05,0.9986251421362465,2237,52,0.0232454179704962,0.0252,-0.0019545820295037986,0.9224372210514366,-0.07618792108480998,0.9237071862165047,-0.002190991007059908
low_mcc_entropy_x_high_max_amount_30d,0,69287,1621,0.023395442146434395,0.025471428571428572,-0.002075986424994177,0.9184974482615859,14850,344,0.023164983164983166,0.0252,-0.002035016835016834,0.9192453636898081,0.0007479154282222789,1.0008142803540974,-0.00023045898145122867
currency,AUD,1996,51,0.02555110220440882,0.025471428571428572,7.967363298024693e-05,1.003127960913414,432,10,0.023148148148148147,0.0252,-0.0020518518518518533,0.9185773074661963,-0.0845506534472178,0.9157129921032787,-0.002402954056260672
auth_characteristics,E_COMMERCE,11692,282,0.024119055764625384,0.025471428571428572,-0.0013523728068031877,0.946906283524272,2510,58,0.023107569721115537,0.0252,-0.0020924302788844634,0.9169670524252197,-0.029939231099052277,0.9683820536537111,-0.0010114860435098474
low_mcc_entropy_x_low_night_ratio,0,69304,1602,0.02311554888606718,0.025471428571428572,-0.002355879685361391,0.9075089299072926,14841,342,0.02304426925409339,0.0252,-0.002155730745906609,0.9144551291306902,0.0069461992233975645,1.0076541375922914,-7.127963197378975e-05
card_entry_mode,CHIP,11782,322,0.02732982515701918,0.025471428571428572,0.001858396585590609,1.0729600454241965,2534,58,0.022888713496448304,0.0252,-0.002311286503551696,0.9082822816050914,-0.16467776381910515,0.846520133375032,-0.004441111660570877
card_entry_mode,MAGSTRIPE,11548,281,0.024333217873224802,0.025471428571428572,-0.0011382106982037697,0.9553142182421402,2548,58,0.022762951334379906,0.0252,-0.0024370486656200945,0.9032917196182502,-0.05202249862389008,0.9455440957791249,-0.0015702665388448965
auth_result,3DS_FAIL,8599,234,0.027212466565879754,0.025471428571428572,0.001741037994451182,1.0683525853121607,1774,40,0.02254791431792559,0.0252,-0.0026520856820744093,0.894758504679587,-0.17359408063257376,0.8375123682418347,-0.004664552247954163
auth_characteristics,MOBILE_TOKEN,11588,300,0.025888850535036246,0.025471428571428572,0.000417421963607674,1.0163878505061903,2529,57,0.022538552787663108,0.0252,-0.002661447212336892,0.8943870153834567,-0.12200083512273363,0.8799662590004986,-0.0033502977473731377
auth_result,AVS_PASS,8726,253,0.02899381159752464,0.025471428571428572,0.0035223830260960667,1.138287611792891,1876,42,0.022388059701492536,0.0252,-0.002811940298507464,0.888415067519545,-0.24987254427334604,0.7804838228360745,-0.006605751896032103
recurring_flag,INSTALLMENT_PLAN,13969,354,0.025341828334168516,0.025471428571428572,-0.0001296002372600559,0.9949119368434078,2994,67,0.02237808951235805,0.0252,-0.0028219104876419515,0.8880194250935733,-0.1068925117498345,0.8925608300755372,-0.0029637388218104674
decline_rate_risk_group,medium,47796,1076,0.022512344129215833,0.025471428571428572,-0.0029590844422127394,0.8838273073724667,10294,228,0.02214882455799495,0.0252,-0.0030511754420050503,0.878921609444244,-0.0049056979282227076,0.9944494825157005,-0.00036351957122088274
currency,HKD,1985,46,0.023173803526448364,0.025471428571428572,-0.002297625044980208,0.9097959881387467,407,9,0.022113022113022112,0.0252,-0.003086977886977888,0.8775008775008775,-0.03229511063786927,0.9645029083185548,-0.0010607814134262518
currency,CNY,3355,88,0.02622950819672131,0.025471428571428572,0.0007580796252927395,1.0297619594899001,724,16,0.022099447513812154,0.0252,-0.0031005524861878464,0.8769622029290537,-0.15279975656084643,0.851616428433467,-0.004130060682909158
low_mcc_entropy_x_card_not_present,0,65430,1364,0.02084670640379031,0.025471428571428572,-0.004624722167638262,0.8184349120949644,14031,308,0.02195139334331124,0.0252,-0.00324860665668876,0.8710870374329858,0.05265212533802133,1.064332695851053,0.0011046869395209304
term_location,MOBILE_APP,9972,239,0.02396710790212595,0.025471428571428572,-0.0015043206693026202,0.9409408598703402,2201,48,0.021808268968650613,0.0252,-0.003391731031349387,0.8654074987559767,-0.07553336111436348,0.9197257072623061,-0.0021588389334753384
message_type,0210-FinRsp,8711,209,0.02399265296751234,0.025471428571428572,-0.0014787756039162311,0.941943750827742,1896,41,0.021624472573839662,0.0252,-0.003575527426160338,0.8581139910253834,-0.08382975980235852,0.9110034323815029,-0.0023681803936726788
day_name,Saturday,10050,263,0.026169154228855723,0.025471428571428572,0.0006977256574271506,1.0273924823443077,2279,49,0.02150065818341378,0.0252,-0.0036993418165862206,0.8532007215640388,-0.17419176078026888,0.8304525635487908,-0.004668496045441943
merchant_country,IN,3477,77,0.022145527753810755,0.025471428571428572,-0.003325900817617817,0.8694262157973937,700,15,0.02142857142857143,0.0252,-0.0037714285714285714,0.8503401360544218,-0.01908607974297183,0.9780474980231479,-0.0007169563252393263
message_type,0420-RepeatRev,8760,254,0.02899543378995434,0.025471428571428572,0.003524005218525767,1.1383512985399908,1922,41,0.02133194588969823,0.0252,-0.0038680541103017704,0.8465057892737393,-0.2918455092662515,0.7436243887241252,-0.007663487900256109
currency,CAD,1954,58,0.02968270214943705,0.025471428571428572,0.004211273578008479,1.1653332307687008,424,9,0.02122641509433962,0.0252,-0.003973584905660379,0.8423180592991913,-0.3230151714695094,0.722813042944593,-0.00845628705509743
merchant_country,FR,3502,86,0.024557395773843516,0.025471428571428572,-0.0009140327975850557,0.9641153696966046,758,16,0.021108179419525065,0.0252,-0.004091820580474935,0.8376261674414708,-0.12648920225513383,0.8688028351173975,-0.003449216354318451
time_period,afternoon,17432,437,0.025068838916934375,0.025471428571428572,-0.00040258965449419676,0.9841944611247371,3894,82,0.021058038007190548,0.0252,-0.004141961992809452,0.8356364288567678,-0.14855803226796926,0.8490562190857552,-0.004010800909743827
txn_velocity_group,low,23056,578,0.02506939625260236,0.025471428571428572,-0.00040203231882621204,0.984216341941764,4974,104,0.020908725371934056,0.0252,-0.004291274628065944,0.8297113242830975,-0.15450501765866653,0.8430172189613716,-0.004160670880668304
cross_border,True,13963,280,0.02005299720690396,0.025471428571428572,-0.005418431364524613,0.787274147214401,3035,63,0.020757825370675453,0.0252,-0.0044421746293245475,0.8237232289950577,0.036449081780656645,1.046297825050303,0.000704828163771494
currency,JPY,3890,116,0.02982005141388175,0.025471428571428572,0.004348622842453177,1.1707255182118466,873,18,0.020618556701030927,0.0252,-0.004581443298969073,0.8181966944853543,-0.3525288237264923,0.6988800372577331,-0.009201494712850821
term_location,CALL_CENTER,10178,234,0.02299076439379053,0.025471428571428572,-0.0024806641776380436,0.9026099313322137,2140,44,0.020560747663551402,0.0252,-0.004639252336448598,0.8159026850615636,-0.08670724627065007,0.9039371890727913,-0.0024300167302391262
day_name,Tuesday,10035,265,0.026407573492775286,0.025471428571428572,0.0009361449213467141,1.036752745089327,2265,46,0.020309050772626933,0.0252,-0.004890949227373067,0.8059147131994815,-0.23083803188984553,0.7773451444806142,-0.006098522720148353
txn_count_7d_group,0_1,2306,60,0.026019080659150044,0.025471428571428572,0.0005476520877214716,1.0215006428157616,493,10,0.02028397565922921,0.0252,-0.0049160243407707915,0.804919669017032,-0.21658097379872954,0.7879776423931533,-0.005735104999920835
merchant_country,AU,3475,84,0.024172661870503598,0.025471428571428572,-0.0012987667009249741,0.949010841803282,792,16,0.020202020202020204,0.0252,-0.0049979797979797964,0.801667468334135,-0.14734337346914694,0.8447400516163657,-0.003970641668483394
payment_channel,WEB_BROWSER,10205,249,0.024399804017638412,0.025471428571428572,-0.0010716245537901598,0.9579283686117156,2141,42,0.019617001401214387,0.0252,-0.005582998598785614,0.7784524365561264,-0.1794759320555892,0.812641593307924,-0.004782802616424026
night_ratio_group,medium,21085,436,0.02067820725634337,0.025471428571428572,-0.004793221315085201,0.8118196903780347,4392,86,0.019581056466302368,0.0252,-0.0056189435336976325,0.777026050250094,-0.03479364012794073,0.9571411712508725,-0.001097150790041003
currency,IDR,1943,47,0.024189397838394237,0.025471428571428572,-0.0012820307330343346,0.949667890458551,413,8,0.01937046004842615,0.0252,-0.005829539951573849,0.7686690495407202,-0.1809988409178308,0.8094082746760628,-0.004818937789968086
merchant_country,SG,3549,79,0.02225979149056072,0.025471428571428572,-0.0032116370808678504,0.8739121729328382,728,14,0.019230769230769232,0.0252,-0.005969230769230768,0.7631257631257632,-0.11078640980707499,0.873229354033934,-0.0030290222597914897
merchant_country,ZA,3557,100,0.028113578858588697,0.025471428571428572,0.002642150287160125,1.1037299607970885,797,15,0.018820577164366373,0.0252,-0.0063794228356336274,0.7468483001732688,-0.35688166062381976,0.6766585360763908,-0.009293001694222324
merchant_country,HK,3533,82,0.023209736767619588,0.025471428571428572,-0.0022616918038089844,0.9112067154982452,751,14,0.018641810918774968,0.0252,-0.006558189081225033,0.7397544015386892,-0.17145231395955596,0.8118403740279211,-0.00456792584884462
merchant_country,TH,3521,85,0.024140869071286566,0.025471428571428572,-0.0013305595001420062,0.9477626668480423,771,14,0.018158236057068743,0.0252,-0.007041763942931257,0.7205649228995533,-0.22719774394848902,0.7602799174772769,-0.0059826330142178225
credit_util_risk_group,very_high,38373,749,0.01951893258280562,0.025471428571428572,-0.005952495988622953,0.7663069438005571,8291,148,0.017850681461826078,0.0252,-0.007349318538173923,0.7083603754692888,-0.05794656833126832,0.9243820381317962,-0.0016682511209795414
txn_count_7d_group,2_5,4103,116,0.02827199610041433,0.025471428571428572,0.0028005675289857583,1.1099493701789136,900,15,0.016666666666666666,0.0252,-0.008533333333333334,0.6613756613756614,-0.4485737088032522,0.5958611073162666,-0.011605329433747664
auth_result,3DS_PASS,8762,225,0.025679068705774938,0.025471428571428572,0.00020764013434636588,1.0081518841302555,1893,31,0.016376122556788168,0.0252,-0.008823877443211833,0.6498461332058797,-0.3583057509243758,0.6445914973634336,-0.00930294614898677
currency,CHF,2004,53,0.026447105788423155,0.025471428571428572,0.0009756772169945832,1.038304770156826,477,7,0.014675052410901468,0.0252,-0.010524947589098532,0.5823433496389472,-0.4559614205178788,0.5608597454388368,-0.011772053377521687
night_unusual_group,medium,6991,104,0.014876269489343442,0.025471428571428572,-0.01059515908208513,0.5840375009837582,1443,21,0.014553014553014554,0.0252,-0.010646985446985446,0.5775005775005775,-0.00653692348318069,0.9888073549027637,-0.00032325493632888794
amount_to_max_group,above_max,14191,205,0.014445775491508703,0.025471428571428572,-0.01102565307991987,0.5671364466660735,2969,42,0.014146177164028292,0.0252,-0.011053822835971708,0.5613562366677893,-0.005780209998284214,0.9898080770120288,-0.0002995983274804107
decline_rate_risk_group,high,5328,77,0.014451951951951952,0.025471428571428572,-0.01101947661947662,0.5673789324939073,1071,14,0.013071895424836602,0.0252,-0.012128104575163398,0.5187260089220873,-0.04865292357181994,0.9142496809456491,-0.0013800565271153507
night_unusual_group,low,6852,45,0.006567425569176883,0.025471428571428572,-0.018904003002251688,0.257834991498812,1403,12,0.008553100498930863,0.0252,-0.016646899501069137,0.3394087499575739,0.08157375845876191,1.3163796995442258,0.00198567492975398
amount_to_max_group,much_above_max,8373,72,0.008599068434252956,0.025471428571428572,-0.016872360137175614,0.3375966294995552,1883,16,0.008497079129049389,0.0252,-0.016702920870950613,0.33718567972418206,-0.00041094977537314836,0.998782716596534,-0.00010198930520356753
night_ratio_group,high,27944,218,0.007801316919553393,0.025471428571428572,-0.01767011165187518,0.3062771645365886,6010,49,0.008153078202995009,0.0252,-0.01704692179700499,0.32353484932519877,0.017257684788610173,1.056346622375113,0.00035176128344161645
amount_to_max_group,extreme,5629,36,0.006395452122934802,0.025471428571428572,-0.01907597644849377,0.2510833699413551,1234,10,0.008103727714748784,0.0252,-0.017096272285251214,0.32157649661701526,0.07049312667566016,1.2807558517769184,0.001708275591813982
