feature,bin,count_train,fraud_count_train,fraud_rate_train,global_fraud_rate_train,fraud_rate_diff_train,lift_train,count_valid,fraud_count_valid,fraud_rate_valid,global_fraud_rate_valid,fraud_rate_diff_valid,lift_valid,lift_diff_valid_train,lift_ratio_valid_train,fraud_rate_diff_valid_train
max_amount_30d,"(225176.777, inf]",7000,439,0.06271428571428571,0.025471428571428572,0.03724285714285713,2.462142456533931,1444,115,0.0796398891966759,0.0252,0.0544398891966759,3.160313063360155,0.6981706068262237,1.2835622299960285,0.016925603482390195
mcc_entropy_30d,"(-inf, 0.393]",7009,625,0.08917106577257812,0.025471428571428572,0.06369963720114954,3.500827035378838,1525,112,0.07344262295081967,0.0252,0.04824262295081967,2.914389799635701,-0.5864372357431371,0.8324860866734701,-0.015728442821758448
night_ratio_30d,"(-inf, 0.101]",7038,511,0.0726058539357772,0.025471428571428572,0.04713442536434863,2.850482207237467,1531,111,0.07250163291966036,0.0252,0.04730163291966036,2.8770489253833476,0.026566718145880408,1.0093200782201364,-0.00010422101611684553
spending_trend,"(-inf, 0.584]",7002,463,0.06612396458154812,0.025471428571428572,0.04065253601011955,2.59600533971305,1400,89,0.06357142857142857,0.0252,0.03837142857142857,2.522675736961451,-0.07332960275159905,0.9717529072064784,-0.002552536010119552
distinct_countries_30d,"(-inf, 3.0]",8464,525,0.06202741020793951,0.025471428571428572,0.03655598163651094,2.435175947591568,1842,114,0.06188925081433225,0.0252,0.03668925081433225,2.455922651362391,0.020746703770822883,1.008519590866862,-0.00013815939360726365
mcc_entropy_30d,"(0.393, 0.788]",6992,413,0.059067505720823796,0.025471428571428572,0.03359607714939522,2.3189710602679,1405,85,0.060498220640569395,0.0252,0.035298220640569394,2.4007230412924363,0.0817519810245364,1.0352535576618358,0.0014307149197455987
night_unusual_score,"(0.705, inf]",6991,381,0.054498641109998566,0.025471428571428572,0.029027212538569994,2.139598921873191,1410,84,0.059574468085106386,0.0252,0.034374468085106386,2.364066193853428,0.2244672719802372,1.104910910442415,0.0050758269751078194
spending_trend,"(0.584, 1.073]",7008,331,0.04723173515981735,0.025471428571428572,0.02176030658838878,1.854302558153233,1522,81,0.053219448094612355,0.0252,0.028019448094612355,2.1118828608973157,0.2575803027440826,1.1389095325747198,0.0059877129347950045
std_amount_30d,"(1.12, 1.25]",6710,292,0.04351713859910581,0.025471428571428572,0.01804571002767724,1.708468705517334,1392,73,0.05244252873563218,0.0252,0.027242528735632182,2.0810527276044515,0.3725840220871175,1.218080682230709,0.008925390136526372
std_amount_30d,"(-inf, 1.12]",7397,389,0.05258888738677842,0.025471428571428572,0.02711745881534985,2.0646226119318505,1560,80,0.05128205128205128,0.0252,0.02608205128205128,2.035002035002035,-0.029620576929815456,0.9856532725427466,-0.0013068361047271423
night_ratio_30d,"(0.101, 0.201]",6999,362,0.051721674524932135,0.025471428571428572,0.026250245953503563,2.0305761170752943,1502,71,0.04727030625832224,0.0252,0.022070306258322236,1.875805803901676,-0.15477031317361822,0.9237800972857303,-0.004451368266609898
distinct_countries_30d,"(3.0, 6.0]",8280,363,0.04384057971014493,0.025471428571428572,0.018369151138716355,1.7211668983231323,1860,87,0.0467741935483871,0.0252,0.021574193548387098,1.8561187916026627,0.1349518932795304,1.0784072086981231,0.0029336138382421717
mcc_entropy_30d,"(0.788, 1.187]",7012,258,0.03679406731317741,0.025471428571428572,0.011322638741748835,1.444523113809545,1494,67,0.04484605087014726,0.0252,0.019646050870147258,1.7796051932598118,0.3350820794502669,1.2319672665774173,0.00805198355696985
amount_to_max_30d,"(-inf, 0.16]",7000,255,0.03642857142857143,0.025471428571428572,0.010957142857142856,1.430173864273696,1499,65,0.04336224149432955,0.0252,0.018162241494329552,1.7207238688226012,0.2905500045489051,1.2031571199864581,0.006933670065758124
credit_util_today,"(0.197, 0.397]",7012,242,0.03451226468910439,0.025471428571428572,0.00904083611767582,1.3549402850461623,1512,64,0.042328042328042326,0.0252,0.017128042328042326,1.679684219366759,0.32474393432059667,1.2396739816986537,0.007815777638937933
device_diversity_30d,"(5.0, 8.0]",5370,203,0.037802607076350095,0.025471428571428572,0.012331178504921523,1.4841180568393195,1097,46,0.041932543299908843,0.0252,0.016732543299908843,1.663989813488446,0.17987175664912658,1.1211977407720488,0.004129936223558749
device_diversity_30d,"(-inf, 5.0]",8715,325,0.037292025243832475,0.025471428571428572,0.011820596672403903,1.464072780184113,1947,81,0.04160246533127889,0.0252,0.01640246533127889,1.650891481399956,0.1868187012158431,1.1276020581878092,0.004310440087446417
credit_util_today,"(-inf, 0.197]",7014,258,0.036783575705731396,0.025471428571428572,0.011312147134302824,1.4441112167140762,1476,61,0.041327913279132794,0.0252,0.016127913279132794,1.6399965586957457,0.19588534198166951,1.1356442208736124,0.004544337573401398
amount_to_max_30d,"(0.482, 0.642]",7000,252,0.036,0.025471428571428572,0.010528571428571425,1.4133482893998877,1484,61,0.04110512129380054,0.0252,0.01590512129380054,1.631155606896847,0.21780731749695925,1.1541073194600415,0.005105121293800544
decline_rate_30d,"(-inf, 0.067]",7161,309,0.043150397989107664,0.025471428571428572,0.017678969417679092,1.694070588467491,1614,65,0.040272614622057,0.0252,0.015072614622057001,1.5981196278594048,-0.09595096060808617,0.943360706333821,-0.0028777833670506625
amount_to_max_30d,"(0.317, 0.482]",7000,236,0.03371428571428572,0.025471428571428572,0.008242857142857146,1.323611890072911,1471,58,0.03942895989123046,0.0252,0.014228959891230457,1.5646412655250181,0.24102937545210712,1.1820997348828064,0.0057146741769447396
night_ratio_30d,"(0.201, 0.301]",7010,259,0.0369472182596291,0.025471428571428572,0.011475789688200528,1.4505357701480859,1582,62,0.039190897597977246,0.0252,0.013990897597977246,1.5551943491260811,0.10465857897799524,1.0721516697896798,0.0022436793383481465
decline_rate_30d,"(0.067, 0.092]",7116,239,0.03358628442945475,0.025471428571428572,0.008114855858026179,1.3185866012685543,1482,56,0.037786774628879895,0.0252,0.012586774628879895,1.49947518368571,0.18088858241715577,1.1371836943481353,0.004200490199425144
distinct_countries_30d,"(6.0, 8.0]",5673,192,0.033844526705446853,0.025471428571428572,0.008373098134018282,1.3287251090192258,1126,42,0.037300177619893425,0.0252,0.012100177619893425,1.4801657785671993,0.15144066954797353,1.1139744160820308,0.0034556509144465716
chargebacks_365d,"(2.0, inf]",5436,165,0.030353200883002206,0.025471428571428572,0.0048817723115736344,1.1916567929389537,1206,44,0.03648424543946932,0.0252,0.01128424543946932,1.4477875174392587,0.25613072450030505,1.2149366535759676,0.006131044556467114
amount,"(-inf, 20064.603]",7000,176,0.025142857142857144,0.025471428571428572,-0.00032857142857142807,0.9871003925967471,1481,54,0.03646185010128292,0.0252,0.011261850101282916,1.4468988135429728,0.4597984209462257,1.4658071488259012,0.011318992958425773
max_amount_30d,"(200126.978, 225176.777]",7000,370,0.05285714285714286,0.025471428571428572,0.027385714285714288,2.075154234436343,1517,54,0.035596572181938034,0.0252,0.010396572181938034,1.4125623881721443,-0.6625918462641989,0.6807023613235786,-0.017260570675204825
mean_amount_30d,"(7.09, 7.84]",6998,178,0.025435838811088882,0.025471428571428572,-3.558976033968958e-05,0.9986027575862152,1485,52,0.035016835016835016,0.0252,0.009816835016835015,1.3895569451125007,0.3909541875262855,1.3915012082279685,0.009580996205746133
txn_count_ratio_7d_30d,"(0.112, 0.15]",7000,198,0.028285714285714286,0.025471428571428572,0.0028142857142857136,1.1104879416713405,1499,52,0.03468979319546364,0.0252,0.009489793195463642,1.376579095058081,0.2660911533867405,1.239616426403193,0.006404078909749356
amount_to_mean_30d,"(-inf, 2335.611]",7000,180,0.025714285714285714,0.025471428571428572,0.00024285714285714188,1.0095344924284912,1507,52,0.034505640345056404,0.0252,0.009305640345056404,1.369271442264143,0.35973694983565174,1.3563394328547853,0.00879135463077069
txn_count_30d,"(449.0, inf]",6979,156,0.022352772603524862,0.025471428571428572,-0.00311865596790371,0.8775625811815706,1581,53,0.033523086654016446,0.0252,0.008323086654016446,1.330281216429224,0.4527186352476533,1.5158818794691777,0.011170314050491584
spending_trend,"(1.073, 1.56]",6996,254,0.03630646083476272,0.025471428571428572,0.010835032263334151,1.4253798420826644,1498,50,0.03337783711615487,0.0252,0.00817783711615487,1.3245173458791615,-0.10086249620350296,0.9292381622393593,-0.002928623718607852
std_amount_30d,"(1.25, 1.41]",7020,253,0.03603988603988604,0.025471428571428572,0.010568457468457467,1.4149142023511063,1538,51,0.03315994798439532,0.0252,0.007959947984395317,1.3158709517617189,-0.09904325058938745,0.9300005248694148,-0.0028799380554907217
hour,"(21.0, inf]",5931,168,0.02832574607991907,0.025471428571428572,0.0028543175084904983,1.1120595768897,1179,39,0.03307888040712468,0.0252,0.007878880407124679,1.3126539844097094,0.20059440752000945,1.1803809890299828,0.004753134327205609
ip_score,"(0.361, 0.423]",6986,169,0.024191239622101346,0.025471428571428572,-0.001280188949327226,0.9497401982877701,1555,49,0.031511254019292605,0.0252,0.0063112540192926045,1.250446588067167,0.3007063897793968,1.316619628194008,0.007320014397191259
distinct_merchants_7d,"(48.0, 61.0]",7470,204,0.027309236947791166,0.025471428571428572,0.0018378083763625937,1.072151759027135,1655,52,0.03141993957703928,0.0252,0.006219939577039278,1.2468229990888602,0.17467124006172519,1.1629165250424103,0.004110702629248113
max_amount_30d,"(175155.979, 200126.978]",7000,246,0.03514285714285714,0.025471428571428572,0.00967142857142857,1.3796971396522715,1496,47,0.03141711229946524,0.0252,0.006217112299465241,1.246710805534335,-0.13298633411793648,0.9036119368522679,-0.003725744843391901
max_amount_30d,"(150090.35, 175155.979]",7000,223,0.031857142857142855,0.025471428571428572,0.006385714285714283,1.250701065619742,1473,46,0.031228784792939578,0.0252,0.006028784792939577,1.2392374917833167,-0.011463573836425267,0.9908342807547068,-0.0006283580642032771
mean_amount_30d,"(11.16, inf]",6992,221,0.03160755148741419,0.025471428571428572,0.006136122915985618,1.2409021896348813,1509,47,0.031146454605699137,0.0252,0.005946454605699137,1.235970420861077,-0.0049317687738044125,0.9960256579357949,-0.0004610968817150528
txn_count_7d,"(6.0, 14.0]",7062,189,0.026762956669498725,0.025471428571428572,0.0012915280980701528,1.0507049730033151,1547,48,0.031027795733678087,0.0252,0.005827795733678087,1.231261735463416,0.180556762460101,1.171843444094642,0.004264839064179363
amount_to_max_30d,"(0.642, 0.804]",7000,250,0.03571428571428571,0.025471428571428572,0.01024285714285714,1.4021312394840155,1548,48,0.031007751937984496,0.0252,0.0058077519379844955,1.2304663467454164,-0.17166489273859908,0.8775685978729492,-0.004706533776301217
credit_util_today,"(0.598, 0.797]",6981,198,0.028362698753760206,0.025471428571428572,0.0028912701823316338,1.1135103268442033,1457,45,0.03088538091969801,0.0252,0.005685380919698009,1.2256103539562702,0.1121000271120669,1.1006726415632773,0.0025226821659378035
amount_to_max_30d,"(0.16, 0.317]",7000,260,0.037142857142857144,0.025471428571428572,0.011671428571428572,1.4582164890633764,1462,45,0.030779753761969904,0.0252,0.005579753761969904,1.2214188000781707,-0.2367976889852057,0.8376114304022757,-0.00636310338088724
std_amount_30d,"(1.41, 1.6]",7108,216,0.030388294879009566,0.025471428571428572,0.004916866307580994,1.1930345718063207,1527,47,0.03077930582842174,0.0252,0.005579305828421741,1.2214010249373706,0.028366453131049907,1.0237767226345542,0.00039101094941217454
txn_count_ratio_7d_30d,"(0.604, inf]",6998,179,0.025578736781937696,0.025471428571428572,0.00010730821050912442,1.0042128854378232,1497,46,0.03072812291249165,0.0252,0.005528122912491648,1.2193699568449066,0.2151570714070834,1.2142544407792808,0.005149386130553952
decline_rate_30d,"(0.092, 0.113]",6980,216,0.030945558739255013,0.025471428571428572,0.005474130167826441,1.2149125696847172,1465,45,0.030716723549488054,0.0252,0.0055167235494880534,1.2189176011701608,0.004005031485443622,1.003296558601897,-0.00022883518976695924
txn_count_ratio_7d_30d,"(0.0348, 0.0739]",6996,161,0.023013150371640936,0.025471428571428572,-0.0024582781997876356,0.9034887975405864,1484,45,0.03032345013477089,0.0252,0.0051234501347708905,1.203311513284559,0.2998227157439727,1.3318499523494691,0.007310299763129954
distinct_merchants_7d,"(12.0, 25.0]",7392,207,0.028003246753246752,0.025471428571428572,0.0025318181818181802,1.099398358231785,1592,48,0.03015075376884422,0.0252,0.00495075376884422,1.1964584828906437,0.09706012465885872,1.0882847630650279,0.0021475070155974677
hour,"(19.0, 21.0]",5924,147,0.024814314652261985,0.025471428571428572,-0.0006571139191665874,0.974201921289029,1230,36,0.02926829268292683,0.0252,0.004068292682926831,1.1614401858304297,0.1872382645414007,1.1921965654732616,0.0044539780306648465
decline_rate_30d,"(0.113, 0.133]",6897,215,0.031172973756705816,0.025471428571428572,0.005701545185277244,1.2238408092929933,1501,43,0.028647568287808126,0.0252,0.003447568287808126,1.1368082653892113,-0.08703254390378201,0.9288857307488005,-0.0025254054688976894
amount_to_mean_30d,"(4615.23, 6963.322]",7000,202,0.028857142857142856,0.025471428571428572,0.0033857142857142836,1.1329220415030845,1467,42,0.028629856850715747,0.0252,0.0034298568507157463,1.1361054305839582,0.0031833890808736776,1.0028098915560335,-0.000227286006427109
amount,"(59660.565, 79869.11]",7000,190,0.027142857142857142,0.025471428571428572,0.0016714285714285702,1.065619742007852,1509,43,0.028495692511597084,0.0252,0.0032956925115970835,1.1307814488729002,0.0651617068650483,1.0611491165517644,0.0013528353687399415
hour,"(-inf, 2.0]",8814,224,0.02541411390968913,0.025471428571428572,-5.7314661739440304e-05,0.9977498450242508,1794,51,0.028428093645484948,0.0252,0.003228093645484948,1.1280989541859106,0.13034910916165976,1.1306430751967178,0.0030139797357958166
txn_count_7d,"(43.0, 53.0]",6590,147,0.022306525037936266,0.025471428571428572,-0.003164903533492306,0.8757469168006385,1380,39,0.02826086956521739,0.0252,0.003060869565217391,1.1214630779848171,0.2457161611841786,1.2805789608729348,0.005954344527281125
device_diversity_30d,"(13.0, 16.0]",5389,159,0.029504546298014474,0.025471428571428572,0.004033117726585902,1.1583388899949596,1145,32,0.02794759825327511,0.0252,0.0027475982532751096,1.1090316767172663,-0.049307213277693274,0.9574328250039669,-0.001556948044739364
txn_count_30d,"(350.0, 400.0]",7015,174,0.0248039914468995,0.025471428571428572,-0.000667437124529071,0.9737966356045794,1503,42,0.027944111776447105,0.0252,0.002744111776447105,1.1088933244621868,0.1350966888576074,1.1387319310617674,0.003140120329547604
txn_count_7d,"(32.0, 43.0]",7572,193,0.02548864236661384,0.025471428571428572,1.721379518526689e-05,1.0006758079994216,1611,45,0.027932960893854747,0.0252,0.0027329608938547467,1.10845082912122,0.10777502112179849,1.107702233982815,0.002444318527240908
device_diversity_30d,"(8.0, 13.0]",8632,261,0.030236329935125116,0.025471428571428572,0.004764901363696544,1.1870684775427696,1871,52,0.02779262426509888,0.0252,0.0025926242650988786,1.1028819152817015,-0.08418656226106802,0.9290802807227984,-0.0024437056700262368
amount,"(120348.22, 140466.319]",7000,178,0.02542857142857143,0.025471428571428572,-4.2857142857143093e-05,0.9983174425126192,1482,41,0.02766531713900135,0.0252,0.00246531713900135,1.0978300451984664,0.09951260268584716,1.0996803194540088,0.0022367457104299215
txn_count_30d,"(400.0, 449.0]",6893,180,0.026113448425939358,0.025471428571428572,0.0006420198545107857,1.0252054906425996,1458,40,0.027434842249657063,0.0252,0.002234842249657063,1.0886842162562327,0.0634787256136331,1.0619180497286709,0.0013213938237177057
std_amount_30d,"(1.6, 1.83]",6880,161,0.023401162790697674,0.025471428571428572,-0.0020702657807308983,0.9187220388944684,1501,41,0.02731512325116589,0.0252,0.00211512325116589,1.0839334623478527,0.16521142345338435,1.1798274290582622,0.003913960460468217
ip_score,"(0.14, 0.182]",7008,187,0.0266837899543379,0.025471428571428572,0.0012123613829093279,1.0475969135185939,1470,40,0.027210884353741496,0.0252,0.0020108843537414954,1.0797969981643452,0.0322000846457513,1.0307370928641464,0.0005270943994035958
ip_score,"(-inf, 0.0921]",7006,179,0.025549528975164146,0.025471428571428572,7.810040373557384e-05,1.003066196445031,1472,40,0.02717391304347826,0.0252,0.00197391304347826,1.0783298826777088,0.07526368623267787,1.0750336173468773,0.0016243840683141143
night_ratio_30d,"(0.301, 0.399]",6965,212,0.030437903804737976,0.025471428571428572,0.0049664752333094045,1.19498220209291,1443,39,0.02702702702702703,0.0252,0.0018270270270270283,1.0725010725010726,-0.12248112959183732,0.8975038035923666,-0.003410876777710948
mean_amount_30d,"(6.12, 6.55]",7022,169,0.024067217317003703,0.025471428571428572,-0.001404211254424869,0.9448711229334039,1443,39,0.02702702702702703,0.0252,0.0018270270270270283,1.0725010725010726,0.1276299495676687,1.1350765679412003,0.0029598097100233256
amount_to_mean_30d,"(6963.322, 9357.753]",7000,169,0.024142857142857143,0.025471428571428572,-0.001328571428571429,0.9478407178911946,1494,40,0.02677376171352075,0.0252,0.0015737617135207493,1.0624508616476487,0.11461014375645406,1.120917091313114,0.0026309045706636065
txn_count_30d,"(50.0, 100.0]",6971,185,0.026538516712092956,0.025471428571428572,0.0010670881406643837,1.0418935332846364,1499,40,0.0266844563042028,0.0252,0.0014844563042028004,1.0589069961985238,0.01701346291388739,1.0163293670169176,0.00014593959210984497
txn_count_7d,"(53.0, 64.0]",6846,179,0.02614665498101081,0.025471428571428572,0.0006752264095822372,1.0265091691927968,1441,38,0.0263705759888966,0.0252,0.0011705759888966001,1.0464514281308175,0.019942258938020707,1.0194272574635403,0.00022392100788579117
device_diversity_30d,"(28.0, 32.0]",6993,144,0.02059202059202059,0.025471428571428572,-0.004879407979407981,0.8084360299727658,1445,38,0.02629757785467128,0.0252,0.0010975778546712806,1.0435546767726698,0.23511864679990402,1.2908314780539818,0.005705557262650689
txn_count_30d,"(-inf, 50.0]",7072,190,0.026866515837104074,0.025471428571428572,0.0013950872656755021,1.0547706722362789,1491,39,0.026156941649899398,0.0252,0.0009569416498993975,1.037973874996008,-0.016796797240270944,0.9840754026761717,-0.0007095741872046764
txn_count_7d,"(14.0, 23.0]",7037,169,0.02401591587324144,0.025471428571428572,-0.0014555126981871322,0.9428570449393723,1494,39,0.02610441767068273,0.0252,0.0009044176706827292,1.0358895901064575,0.09303254516708526,1.098670890319748,0.0020885017974412896
amount_to_mean_30d,"(20368.112, 24302.374]",7000,180,0.025714285714285714,0.025471428571428572,0.00024285714285714188,1.0095344924284912,1505,39,0.025913621262458473,0.0252,0.0007136212624584727,1.0283183040658124,0.018783811637321124,1.0186064079628712,0.00019933554817275906
txn_count_7d,"(23.0, 32.0]",6590,176,0.026707132018209408,0.025471428571428572,0.0012357034467808357,1.0485133153531456,1429,37,0.02589223233030091,0.0252,0.0006922323303009091,1.0274695369167028,-0.021043778436442784,0.9799298882443995,-0.0008148996879084984
credit_util_today,"(0.397, 0.598]",7004,223,0.03183894917190177,0.025471428571428572,0.006367520600473197,1.2499867874554818,1507,39,0.025879230258792303,0.0252,0.000679230258792303,1.0269535816981072,-0.2230332057573745,0.8215715487417586,-0.005959718913109466
ip_score,"(0.512, inf]",6999,172,0.024574939277039576,0.025471428571428572,-0.0008964892943889961,0.9648041219252778,1510,39,0.025827814569536423,0.0252,0.0006278145695364223,1.0249132765689057,0.06010915464362798,1.0623019245205727,0.0012528752924968467
hour,"(14.0, 16.0]",5773,134,0.02321150181881171,0.025471428571428572,-0.0022599267526168636,0.9112760108338864,1320,34,0.025757575757575757,0.0252,0.0005575757575757567,1.022126022126022,0.11085001129213556,1.1216426295135946,0.0025460739387640485
amount,"(140466.319, 160364.184]",7000,182,0.026,0.025471428571428572,0.0005285714285714269,1.0207515423443634,1594,41,0.025721455457967377,0.0252,0.0005214554579673764,1.0206926769034672,-5.886544089617196e-05,0.9999423302944972,-0.00027854454203262227
distinct_merchants_7d,"(36.0, 48.0]",7063,169,0.023927509556845535,0.025471428571428572,-0.0015439190145830374,0.9393862417157529,1517,39,0.025708635464733027,0.0252,0.0005086354647330267,1.0201839470132152,0.08079770529746233,1.086011164123372,0.0017811259078874923
amount_to_mean_30d,"(14369.686, 17198.579]",7000,155,0.02214285714285714,0.025471428571428572,-0.0033285714285714307,0.8693213684800897,1528,39,0.025523560209424083,0.0252,0.00032356020942408276,1.012839690850162,0.14351832237007234,1.1650923656183738,0.0033807030665669417
mean_amount_30d,"(7.84, 9.0]",6984,211,0.030211912943871707,0.025471428571428572,0.004740484372443135,1.1861098744088723,1458,37,0.025377229080932786,0.0252,0.00017722908093278575,1.0070329000370153,-0.179076974371857,0.8490215964940633,-0.004834683862938921
credit_util_today,"(1.196, 1.399]",6974,133,0.019070834528247777,0.025471428571428572,-0.006400594043180795,0.7487147599424253,1577,40,0.025364616360177554,0.0252,0.00016461636017755382,1.006532395245141,0.25781763530271573,1.3443469365799527,0.006293781831929777
hour,"(2.0, 4.0]",5715,144,0.025196850393700787,0.025471428571428572,-0.0002745781777277849,0.9892201500611638,1187,30,0.02527379949452401,0.0252,7.379949452401141e-05,1.0029285513700004,0.013708401308836549,1.0138577851392647,7.694910082322454e-05
distinct_merchants_7d,"(73.0, 85.0]",6957,192,0.027598102630444158,0.025471428571428572,0.002126674059015586,1.0834925317616888,1544,39,0.025259067357512953,0.0252,5.906735751295272e-05,1.0023439427584504,-0.0811485890032384,0.9251046153530927,-0.002339035272931205
mean_amount_30d,"(5.77, 6.12]",6925,158,0.022815884476534296,0.025471428571428572,-0.0026555440948942757,0.8957442026682001,1509,38,0.025182239893969515,0.0252,-1.7760106030485084e-05,0.9992952338876792,0.10355103121947906,1.1156033494779234,0.002366355417435219
txn_count_ratio_7d_30d,"(-inf, 0.0348]",7004,173,0.02470017133066819,0.025471428571428572,-0.0007712572407603813,0.9697206916134455,1549,39,0.025177533892834086,0.0252,-2.2466107165913796e-05,0.9991084878108765,0.029387796197430927,1.03030542239769,0.0004773625621658957
txn_count_30d,"(151.0, 201.0]",7025,160,0.022775800711743774,0.025471428571428572,-0.002695627859684798,0.8941705271015503,1510,38,0.025165562913907286,0.0252,-3.4437086092714564e-05,0.9986334489645748,0.10446292186302453,1.1168266204040678,0.0023897622021635118
ip_score,"(0.182, 0.224]",6989,179,0.025611675490055802,0.025471428571428572,0.00014024691862722996,1.0055060484037612,1476,37,0.025067750677506776,0.0252,-0.00013224932249322405,0.9947520110121737,-0.010754037391587534,0.9893048496347043,-0.0005439248125490258
ip_score,"(0.0921, 0.14]",7000,189,0.027,0.025471428571428572,0.0015285714285714277,1.0600112170499159,1620,40,0.024691358024691357,0.0252,-0.0005086419753086435,0.9798157946306094,-0.08019542241930644,0.9243447408350633,-0.002308641975308643
distinct_merchants_7d,"(97.0, 109.0]",6994,146,0.02087503574492422,0.025471428571428572,-0.004596392826504352,0.8195471128125044,1464,36,0.02459016393442623,0.0252,-0.0006098360655737711,0.975800156128025,0.1562530433155206,1.1906577909702312,0.0037151281895020094
amount_to_mean_30d,"(11837.024, 14369.686]",7000,191,0.027285714285714285,0.025471428571428572,0.0018142857142857127,1.071228266965788,1473,36,0.024439918533604887,0.0252,-0.0007600814663951128,0.969838037047813,-0.10139022991797497,0.9053514232680675,-0.0028457957521093973
distinct_merchants_7d,"(-inf, 12.0]",7043,185,0.026267215675138435,0.025471428571428572,0.0007957871037098628,1.031242342826523,1481,36,0.024307900067521943,0.0252,-0.0008920999324780569,0.9645992090286485,-0.06664313379787445,0.9353758743550146,-0.0019593156076164915
mean_amount_30d,"(5.47, 5.77]",7025,144,0.020498220640569394,0.025471428571428572,-0.004973207930859178,0.8047534743913951,1566,38,0.024265644955300127,0.0252,-0.0009343550446998736,0.9629224188611162,0.15816894446972107,1.196543349368942,0.003767424314730733
hour,"(9.0, 12.0]",8673,232,0.026749682924017065,0.025471428571428572,0.0012782543525884926,1.0501838500735807,1941,47,0.024214322514167955,0.0252,-0.0009856774858320455,0.9608858140542839,-0.08929803601929687,0.9149691390435976,-0.00253536040984911
chargebacks_365d,"(-inf, 2.0]",64564,1618,0.025060405179356916,0.025471428571428572,-0.00041102339207165633,0.9838633553308941,13794,334,0.024213426127301724,0.0252,-0.0009865738726982758,0.9608502431468938,-0.02301311218400026,0.9766094417116797,-0.0008469790520551912
amount_to_max_30d,"(0.804, 1.007]",7000,221,0.03157142857142857,0.025471428571428572,0.006099999999999998,1.2394840157038698,1487,36,0.0242098184263618,0.0252,-0.0009901815736381991,0.9607070804111826,-0.2787769352926872,0.7750862999959999,-0.007361610145066769
decline_rate_30d,"(0.133, 0.154]",7021,166,0.023643355647343683,0.025471428571428572,-0.0018280729240848885,0.9282304516623993,1531,37,0.024167210973220117,0.0252,-0.001032789026779883,0.9590163084611157,0.030785856798716482,1.033166177332811,0.0005238553258764336
amount,"(39866.496, 59660.565]",7000,170,0.024285714285714285,0.025471428571428572,-0.0011857142857142865,0.9534492428491307,1454,35,0.024071526822558458,0.0252,-0.001128473177441542,0.9552193183554943,0.0017700755063636553,1.001856495789139,-0.0002141874631558273
txn_count_7d,"(76.0, 88.0]",6896,171,0.024796983758700698,0.025471428571428572,-0.0006744448127278743,0.9735215160454564,1499,36,0.02401601067378252,0.0252,-0.00118398932621748,0.9530162965786715,-0.020505219466784963,0.9789370649669703,-0.0007809730849181774
amount_to_mean_30d,"(2335.611, 4615.23]",7000,189,0.027,0.025471428571428572,0.0015285714285714277,1.0600112170499159,1458,35,0.02400548696844993,0.0252,-0.0011945130315500693,0.9525986892242035,-0.10741252782571231,0.8986684980340893,-0.002994513031550069
amount,"(100132.98, 120348.22]",7000,175,0.025,0.025471428571428572,-0.00047142857142857056,0.981491867638811,1509,36,0.02385685884691849,0.0252,-0.0013431411530815118,0.9467007478935908,-0.0347911197452202,0.9645528181568427,-0.001143141153081513
hour,"(4.0, 7.0]",8825,217,0.024589235127478754,0.025471428571428572,-0.0008821934439498177,0.9653653723631591,1805,43,0.023822714681440444,0.0252,-0.0013772853185595561,0.9453458206920811,-0.02001955167107805,0.979262201417756,-0.0007665204460383102
txn_count_30d,"(250.0, 300.0]",7056,190,0.026927437641723357,0.025471428571428572,0.001456009070294785,1.0571624424681072,1435,34,0.023693379790940768,0.0252,-0.001506620209059232,0.9402134837674908,-0.11694895870061639,0.8893746553112917,-0.0032340578507825887
ip_score,"(0.423, 0.512]",7001,167,0.023853735180688472,0.025471428571428572,-0.0016176933907401,0.9364898837062215,1526,36,0.023591087811271297,0.0252,-0.0016089121887287033,0.9361542782250515,-0.00033560548117006483,0.99964163362931,-0.0002626473694171752
distinct_merchants_7d,"(61.0, 73.0]",6859,182,0.026534480244933663,0.025471428571428572,0.0010630516735050909,1.041735062897003,1447,34,0.023496890117484452,0.0252,-0.001703109882515548,0.9324162745033513,-0.10931878839365172,0.8950608526272471,-0.0030375901274492106
distinct_merchants_7d,"(85.0, 97.0]",7049,159,0.022556390977443608,0.025471428571428572,-0.002915037593984964,0.8855565723056941,1496,35,0.02339572192513369,0.0252,-0.0018042780748663105,0.9284016636957814,0.0428450913900873,1.0483821041835315,0.0008393309476900819
txn_count_ratio_7d_30d,"(0.15, 0.19]",7000,195,0.027857142857142858,0.025471428571428572,0.002385714285714286,1.0936623667975323,1497,35,0.02338009352037408,0.0252,-0.0018199064796259184,0.9277814889037334,-0.1658808778937989,0.8483253298475858,-0.004477049336768776
txn_count_7d,"(64.0, 76.0]",7316,194,0.026517222525970476,0.025471428571428572,0.0010457939545419036,1.0410575304643483,1543,36,0.023331173039533377,0.0252,-0.0018688269604666234,0.9258401999814831,-0.1152173304828652,0.8893266433404493,-0.0031860494864370988
night_unusual_score,"(-inf, 0.103]",49013,1187,0.02421806459510742,0.025471428571428572,-0.0012533639763211528,0.9507933380019739,10718,250,0.023325247247620823,0.0252,-0.0018747527523791767,0.9256050495087629,-0.025188288493210975,0.9735081342496041,-0.0008928173474865957
ip_score,"(0.265, 0.31]",6991,179,0.025604348448004577,0.025471428571428572,0.00013291987657600493,1.0052183911162762,1506,35,0.023240371845949535,0.0252,-0.001959628154050465,0.9222369780138704,-0.08298141310240581,0.9174493674675949,-0.0023639766020550415
credit_util_today,"(0.797, 0.997]",7002,184,0.026278206226792344,0.025471428571428572,0.0008067776553637718,1.0316738283092899,1507,35,0.023224950232249502,0.0252,-0.001975049767750498,0.9216250092162501,-0.11004881909303976,0.8933298325821466,-0.0030532559945428417
hour,"(7.0, 9.0]",5812,152,0.02615278733654508,0.025471428571428572,0.0006813587651165083,1.026749923476251,1296,30,0.023148148148148147,0.0252,-0.0020518518518518533,0.9185773074661963,-0.10817261601005468,0.8946456050968458,-0.0030046391883969334
amount,"(79869.11, 100132.98]",7000,184,0.026285714285714287,0.025471428571428572,0.0008142857142857153,1.0319685922602355,1469,34,0.02314499659632403,0.0252,-0.002055003403675971,0.9184522458858742,-0.11351634637436137,0.8900001917541539,-0.003140717689390258
mean_amount_30d,"(-inf, 5.22]",7093,143,0.020160721838432257,0.025471428571428572,-0.005310706732996315,0.7915033812059775,1513,35,0.023132848645076007,0.0252,-0.0020671513549239927,0.917970184328413,0.12646680312243552,1.1597804948981563,0.0029721268066437503
txn_count_ratio_7d_30d,"(0.298, 0.404]",6986,159,0.022759805324935586,0.025471428571428572,-0.0027116232464929856,0.8935425534186714,1515,35,0.0231023102310231,0.0252,-0.0020976897689768993,0.9167583425009167,0.02321578908224531,1.0259817374868612,0.00034250490608751447
txn_count_30d,"(100.0, 151.0]",7065,183,0.025902335456475585,0.025471428571428572,0.0004309068850470131,1.0169172641353286,1526,35,0.022935779816513763,0.0252,-0.0022642201834862374,0.9101499927188001,-0.10676727141652842,0.8950088900277249,-0.0029665556399618223
distinct_merchants_7d,"(109.0, inf]",6607,160,0.024216739821401545,0.025471428571428572,-0.001254688750027027,0.9507413278172228,1396,32,0.022922636103151862,0.0252,-0.0022773638968481384,0.9096284167917406,-0.0411129110254822,0.9567569950107996,-0.0012941037182496833
txn_count_ratio_7d_30d,"(0.19, 0.232]",7001,194,0.027710327096129125,0.025471428571428572,0.0022388985247005534,1.0878984277784849,1487,34,0.022864828513786146,0.0252,-0.0023351714862138544,0.9073344648327836,-0.18056396294570132,0.8340249795668495,-0.0048454985823429796
amount,"(160364.184, 180212.031]",7000,164,0.023428571428571427,0.025471428571428572,-0.002042857142857145,0.9197980931015142,1497,34,0.022712090848363394,0.0252,-0.002487909151636606,0.9012734463636267,-0.01852464673788745,0.9798600933654001,-0.0007164805802080329
spending_trend,"(2.052, 2.538]",6987,153,0.021897810218978103,0.025471428571428572,-0.0035736183524504687,0.8597009059610023,1523,34,0.02232435981615233,0.0252,-0.0028756401838476685,0.8858872942917592,0.026186388330756816,1.0304598810106231,0.0004265495971742285
amount_to_mean_30d,"(17198.579, 20368.112]",7000,171,0.024428571428571428,0.025471428571428572,-0.001042857142857144,0.9590577678070668,1525,34,0.022295081967213116,0.0252,-0.0029049180327868837,0.8847254748894093,-0.07433229291765742,0.9224944561888943,-0.0021334894613583115
ip_score,"(0.224, 0.265]",7009,179,0.02553859323726637,0.025471428571428572,6.716466583779959e-05,1.002636862932499,1438,32,0.022253129346314324,0.0252,-0.0029468706536856758,0.8830606883458065,-0.11957617458669256,0.880738301285177,-0.003285463890952047
hour,"(12.0, 14.0]",5874,161,0.027408920667347635,0.025471428571428572,0.0019374920959190634,1.0760653094303614,1262,28,0.022187004754358162,0.0252,-0.0030129952456418377,0.8804366966015144,-0.19562861282884703,0.8182000553938428,-0.005221915912989473
max_amount_30d,"(124744.115, 150090.35]",7000,143,0.020428571428571428,0.025471428571428572,-0.005042857142857144,0.802019068984857,1493,33,0.022103148024112524,0.0252,-0.003096851975887476,0.8771090485758938,0.0750899795910368,1.0936261759866317,0.0016745765955410961
spending_trend,"(1.56, 2.052]",7009,217,0.030960194036239123,0.025471428571428572,0.005488765464810551,1.2154871466835326,1516,33,0.021767810026385226,0.0252,-0.0034321899736147743,0.8638019851740169,-0.3516851615095158,0.710663199376682,-0.009192384009853897
device_diversity_30d,"(36.0, inf]",6949,98,0.01410274859692042,0.025471428571428572,-0.011368679974508153,0.5536693223692818,1471,32,0.021753908905506457,0.0252,-0.0034460910944935433,0.8632503533931134,0.3095810310238316,1.5591442706991911,0.0076511603085860375
distinct_countries_30d,"(11.0, 13.0]",5652,103,0.018223637650389243,0.025471428571428572,-0.007247790921039329,0.7154540861061397,1161,25,0.02153316106804479,0.0252,-0.0036668389319552096,0.854490518573206,0.13903643246706632,1.1943331290893022,0.0033095234176555473
mean_amount_30d,"(9.0, 11.16]",6973,205,0.029399110856159472,0.025471428571428572,0.0039276822847309,1.1541995288452962,1458,31,0.021262002743484224,0.0252,-0.003937997256515776,0.8437302675985803,-0.3104692612467159,0.7310090203482149,-0.008137108112675248
txn_count_ratio_7d_30d,"(0.232, 0.298]",7013,189,0.026949950092685013,0.025471428571428572,0.0014785215212564408,1.0580462739696863,1513,32,0.021150033046926635,0.0252,-0.004049966953073365,0.8392870256716919,-0.21875924829799442,0.7932422669280111,-0.005799917045758378
ip_score,"(0.31, 0.361]",7011,183,0.02610183996576808,0.025471428571428572,0.0006304113943395064,1.0247497462724429,1427,30,0.02102312543798178,0.0252,-0.004176874562018221,0.8342510094437214,-0.19049873682872143,0.8141021860841943,-0.005078714527786299
credit_util_today,"(1.598, 1.799]",6993,112,0.016016016016016016,0.025471428571428572,-0.009455412555412556,0.6287835788677067,1484,31,0.020889487870619946,0.0252,-0.004310512129380054,0.8289479313738074,0.20016435250610065,1.3183358438657293,0.00487347185460393
txn_count_7d,"(88.0, inf]",6737,175,0.025975953688585424,0.025471428571428572,0.0005045251171568524,1.0198074919803588,1489,31,0.020819341840161182,0.0252,-0.004380658159838818,0.8261643587365548,-0.193643133243804,0.8101179530678997,-0.0051566118484242425
mean_amount_30d,"(6.55, 7.09]",6957,182,0.02616070145177519,0.025471428571428572,0.0006892728803466197,1.0270606290657676,1550,32,0.02064516129032258,0.0252,-0.0045548387096774196,0.8192524321556579,-0.20780819691010965,0.7976670589575585,-0.005515540161452611
txn_count_ratio_7d_30d,"(0.0739, 0.112]",7000,161,0.023,0.025471428571428572,-0.0024714285714285723,0.9029725182277061,1459,30,0.0205620287868403,0.0252,-0.004637971213159699,0.8159535232873135,-0.08701899494039256,0.9036305157826751,-0.002437971213159699
amount,"(20064.603, 39866.496]",7000,191,0.027285714285714285,0.025471428571428572,0.0018142857142857127,1.071228266965788,1512,31,0.0205026455026455,0.0252,-0.004697354497354499,0.8135970437557739,-0.2576312232100141,0.7594992291425956,-0.006783068783068783
amount_to_mean_30d,"(9357.753, 11837.024]",7000,199,0.028428571428571428,0.025471428571428572,0.002957142857142856,1.1160964666292765,1526,31,0.020314547837483616,0.0252,-0.004885452162516384,0.8061328506937943,-0.3099636159354823,0.7222788298991014,-0.008114023591087812
hour,"(16.0, 19.0]",8659,204,0.023559302459868346,0.025471428571428572,-0.0019121261115602264,0.9249305508641527,1986,40,0.02014098690835851,0.0252,-0.005059013091641491,0.7992455122364488,-0.12568503862770386,0.8641140792955841,-0.003418315551509836
distinct_countries_30d,"(8.0, 11.0]",8302,194,0.023367863165502288,0.025471428571428572,-0.002103565405926284,0.9174147064414807,1792,36,0.020089285714285716,0.0252,-0.005110714285714284,0.7971938775510204,-0.12022082889046026,0.86895694072124,-0.0032785774512165723
txn_count_ratio_7d_30d,"(0.404, 0.604]",7002,174,0.024850042844901457,0.025471428571428572,-0.0006213857265271149,0.9756045985098721,1500,30,0.02,0.0252,-0.0052,0.7936507936507936,-0.18195380485907853,0.8134963632290283,-0.004850042844901457
amount_to_mean_30d,"(24302.374, inf]",7000,147,0.021,0.025471428571428572,-0.004471428571428571,0.8244531688166012,1517,30,0.01977587343441002,0.0252,-0.005424126565589979,0.784756882317858,-0.03969628649874324,0.9518513737929183,-0.00122412656558998
decline_rate_30d,"(0.154, 0.177]",7095,150,0.021141649048625793,0.025471428571428572,-0.004329779522802779,0.8300142643880009,1524,30,0.01968503937007874,0.0252,-0.00551496062992126,0.7811523559555056,-0.04886190843249527,0.9411312413893825,-0.001456609678547053
night_unusual_score,"(0.404, 0.705]",7007,157,0.02240616526330812,0.025471428571428572,-0.0030652633081204514,0.8796587596363256,1423,28,0.019676739283204497,0.0252,-0.0055232607167955035,0.7808229874287499,-0.09883577220757567,0.8876430524763034,-0.002729425980103624
amount,"(180212.031, inf]",7000,173,0.024714285714285713,0.025471428571428572,-0.000757142857142859,0.9702748177229388,1493,29,0.01942397856664434,0.0252,-0.00577602143335566,0.7707928002636643,-0.19948201745927452,0.794406682921206,-0.005290307147641372
decline_rate_30d,"(0.177, 0.202]",6750,136,0.020148148148148148,0.025471428571428572,-0.005323280423280424,0.7910097422155751,1449,28,0.01932367149758454,0.0252,-0.00587632850241546,0.7668123610152595,-0.02419738120031556,0.9694095017060732,-0.0008244766505636075
txn_count_30d,"(201.0, 250.0]",6875,186,0.027054545454545456,0.025471428571428572,0.0015831168831168842,1.062152653852037,1454,28,0.01925722145804677,0.0252,-0.0059427785419532315,0.7641754546843956,-0.2979771991676413,0.7194591579595957,-0.0077973239964986875
mean_amount_30d,"(5.22, 5.47]",7031,172,0.024463092021049637,0.025471428571428572,-0.0010083365503789354,0.9604130350384041,1509,29,0.019218025182239893,0.0252,-0.005981974817760107,0.7626200469142814,-0.19779298812412272,0.7940542436408438,-0.0052450668388097435
distinct_merchants_7d,"(25.0, 36.0]",6566,179,0.02726165092902833,0.025471428571428572,0.0017902223575997564,1.0702835474099737,1408,27,0.019176136363636364,0.0252,-0.006023863636363636,0.7609577922077922,-0.3093257552021814,0.7109870962122892,-0.008085514565391964
decline_rate_30d,"(0.202, 0.234]",7022,128,0.01822842495015665,0.025471428571428572,-0.007243003621271921,0.7156420339377261,1473,28,0.019008825526137134,0.0252,-0.006191174473862866,0.75431847325941,0.038676439321683964,1.0540443915162832,0.0007804005759804826
txn_count_30d,"(300.0, 350.0]",7049,179,0.02539367286139878,0.025471428571428572,-7.77557100297907e-05,0.9969473361177311,1543,29,0.018794556059624108,0.0252,-0.006405443940375892,0.7458157166517503,-0.25113161946598084,0.7480994119588844,-0.006599116801774673
device_diversity_30d,"(24.0, 28.0]",6917,129,0.018649703628740785,0.025471428571428572,-0.006821724942687787,0.7321812978193242,1544,29,0.01878238341968912,0.0252,-0.00641761658031088,0.7453326753844889,0.013151377565164712,1.0179619126934434,0.00013267979094833474
txn_count_7d,"(-inf, 6.0]",7354,190,0.025836279575741094,0.025471428571428572,0.00036485100431252193,1.0143239317453037,1567,29,0.018506700701978303,0.0252,-0.006693299298021697,0.734392884999139,-0.27993104674616465,0.7240220419639302,-0.007329578873762791
device_diversity_30d,"(20.0, 24.0]",6970,178,0.025538020086083215,0.025471428571428572,6.659151465464308e-05,1.0026143612034912,1441,26,0.018043025676613464,0.0252,-0.007156974323386536,0.7159930824052961,-0.2866212787981951,0.7141260981258293,-0.007494994409469751
std_amount_30d,"(1.83, 2.13]",7000,118,0.01685714285714286,0.025471428571428572,-0.008614285714285713,0.6618059450364555,1451,26,0.01791867677463818,0.0252,-0.007281323225361819,0.7110586021681818,0.04925265713172633,1.074421598093368,0.0010615339174953227
device_diversity_30d,"(16.0, 20.0]",7083,170,0.024001129464915998,0.025471428571428572,-0.0014702991065125744,0.9422765353584519,1462,26,0.017783857729138167,0.0252,-0.0074161422708618335,0.7057086400451653,-0.2365678953132866,0.748940054023277,-0.006217271735777831
mcc_entropy_30d,"(1.187, 1.592]",7005,152,0.02169878658101356,0.025471428571428572,-0.0037726419904150106,0.8518873026757988,1584,28,0.017676767676767676,0.0252,-0.007523232323232324,0.701459034792368,-0.15042826788343078,0.8234176419411939,-0.004022018904245885
max_amount_30d,"(99951.232, 124744.115]",7000,120,0.017142857142857144,0.025471428571428572,-0.008328571428571428,0.6730229949523275,1476,26,0.017615176151761516,0.0252,-0.007584823848238484,0.699014926657203,0.02599193170487546,1.0386196769816118,0.0004723190089043726
decline_rate_30d,"(0.234, 0.283]",6997,127,0.01815063598685151,0.025471428571428572,-0.007320792584577063,0.712588064542684,1509,26,0.017229953611663355,0.0252,-0.007970046388336646,0.683728317923149,-0.028859746619534943,0.9595000968791748,-0.0009206823751881539
night_ratio_30d,"(0.399, 0.498]",7010,125,0.01783166904422254,0.025471428571428572,-0.007639759527206032,0.7000655261332461,1511,25,0.01654533421575116,0.0252,-0.008654665784248842,0.6565608815774269,-0.04350464455581926,0.9378563236302038,-0.0012863348284713819
credit_util_today,"(1.399, 1.598]",7014,140,0.01996007984031936,0.025471428571428572,-0.005511348731109211,0.7836262416277932,1484,24,0.016172506738544475,0.0252,-0.009027493261455525,0.6417661404184316,-0.14186010120936154,0.8189696892568946,-0.003787573101774886
mcc_entropy_30d,"(1.592, 1.991]",6983,118,0.016898181297436633,0.025471428571428572,-0.00857324727399194,0.6634171008528122,1459,22,0.015078821110349555,0.0252,-0.010121178889650445,0.5983659170773633,-0.06505118377544894,0.9019452700363438,-0.0018193601870870775
amount_to_max_30d,"(1.007, 1.345]",7000,117,0.016714285714285713,0.025471428571428572,-0.00875714285714286,0.6561974200785192,1474,22,0.014925373134328358,0.0252,-0.010274626865671642,0.5922767116796968,-0.06392070839882247,0.9025892096714384,-0.0017889125799573549
night_ratio_30d,"(0.498, 0.6]",7034,96,0.013647995450668183,0.025471428571428572,-0.011823433120760389,0.5358158617760924,1421,21,0.014778325123152709,0.0252,-0.010421674876847292,0.5864414731409805,0.05062561136488808,1.094483224334931,0.0011303296724845258
spending_trend,"(2.538, 3.032]",7003,108,0.015421962016278738,0.025471428571428572,-0.010049466555149834,0.6054612120804889,1573,23,0.014621741894469168,0.0252,-0.010578258105530832,0.5802278529551257,-0.025233359125363175,0.9583237380360339,-0.0008002201218095702
std_amount_30d,"(2.54, 3.18]",7038,86,0.012219380505825519,0.025471428571428572,-0.013252048065603053,0.47972890376207866,1486,21,0.014131897711978465,0.0252,-0.011068102288021535,0.5607895917451772,0.08106068798309851,1.1689718634387904,0.0019125172061529461
spending_trend,"(3.032, 3.526]",7002,76,0.010854041702370752,0.025471428571428572,-0.01461738686905782,0.42612614647557634,1497,21,0.014028056112224449,0.0252,-0.011171943887775551,0.55666889334224,0.13054274686666367,1.3063476546558217,0.003174014409853697
decline_rate_30d,"(0.283, inf]",6961,97,0.013934779485706077,0.025471428571428572,-0.011536649085722495,0.5470749097024259,1452,20,0.013774104683195593,0.0252,-0.011425895316804408,0.5465914556823648,-0.0004834540200611137,0.9991162910040229,-0.0001606748025104847
credit_util_today,"(0.997, 1.196]",7022,182,0.025918541726003986,0.025471428571428572,0.00044711315457541395,1.0175535170052041,1482,20,0.01349527665317139,0.0252,-0.01170472334682861,0.535526851316325,-0.4820266656888791,0.5262886342982366,-0.012423265072832595
std_amount_30d,"(2.13, 2.54]",6935,112,0.016149963950973324,0.025471428571428572,-0.009321464620455248,0.6340423312216111,1522,20,0.013140604467805518,0.0252,-0.012059395532194482,0.5214525582462507,-0.11258977297536044,0.8224254623806286,-0.0030093594831678058
distinct_countries_30d,"(13.0, 16.0]",8386,132,0.015740519914142617,0.025471428571428572,-0.009730908657285955,0.6179676915255093,1829,23,0.012575177692728267,0.0252,-0.012624822307271733,0.49901498780667725,-0.1189527037188321,0.8075098323786211,-0.00316534222141435
credit_util_today,"(1.799, inf]",6984,111,0.015893470790378006,0.025471428571428572,-0.009577957781050566,0.62397249317244,1514,19,0.012549537648612946,0.0252,-0.012650462351387054,0.49799752573860895,-0.12597496743383102,0.7981081384029457,-0.00334393314176506
mcc_entropy_30d,"(1.991, 2.402]",7003,63,0.008996144509495931,0.025471428571428572,-0.01647528406193264,0.35318570704695185,1564,19,0.012148337595907928,0.0252,-0.013051662404092073,0.48207688872650506,0.1288911816795532,1.3649388345646722,0.0031521930864119967
amount_to_max_30d,"(1.345, 2.0]",7000,84,0.012,0.025471428571428572,-0.013471428571428572,0.4711160964666293,1458,17,0.011659807956104253,0.0252,-0.013540192043895748,0.4626907919088989,-0.008425304557730384,0.9821162859791112,-0.0003401920438957477
spending_trend,"(4.507, inf]",6998,53,0.007573592454987139,0.025471428571428572,-0.017897836116441433,0.29733677613522136,1502,17,0.011318242343541944,0.0252,-0.013881757656458056,0.4491366009342041,0.15179982479898274,1.510531610860731,0.0037446498885548053
max_amount_30d,"(74802.547, 99951.232]",7000,79,0.011285714285714286,0.025471428571428572,-0.014185714285714286,0.443073471676949,1505,17,0.011295681063122924,0.0252,-0.013904318936877076,0.44824131202868744,0.005167840351738451,1.0116636171434852,9.966777408637606e-06
night_unusual_score,"(0.103, 0.404]",6989,58,0.008298755186721992,0.025471428571428572,-0.01717267338470658,0.3258064290917215,1449,16,0.011042097998619738,0.0252,-0.014157902001380262,0.4381784920087198,0.1123720629169983,1.3449043712408104,0.0027433428118977463
distinct_countries_30d,"(21.0, 23.0]",5640,72,0.01276595744680851,0.025471428571428572,-0.012705471124620062,0.5011873366666268,1207,13,0.010770505385252692,0.0252,-0.014429494614747308,0.4274010073512973,-0.07378632931532952,0.8527769463233931,-0.0019954520615558177
distinct_countries_30d,"(18.0, 21.0]",8379,78,0.009308986752595776,0.025471428571428572,-0.016162441818832796,0.3654677917452071,1793,19,0.010596765197992191,0.0252,-0.014603234802007809,0.4205065554758806,0.05503876373067351,1.150598120609344,0.0012877784453964158
spending_trend,"(3.526, 4.015]",6995,81,0.011579699785561115,0.025471428571428572,-0.013891728785867457,0.4546152467690847,1435,15,0.010452961672473868,0.0252,-0.014747038327526132,0.41480006636801064,-0.03981518040107407,0.9124200483893632,-0.0011267381130872466
max_amount_30d,"(49961.108, 74802.547]",7000,74,0.010571428571428572,0.025471428571428572,-0.0149,0.41503084688726866,1540,16,0.01038961038961039,0.0252,-0.01481038961038961,0.4122861265718408,-0.002744720315427829,0.9933867052788968,-0.0001818181818181823
night_ratio_30d,"(0.6, 0.699]",6957,74,0.010636768722150353,0.025471428571428572,-0.014834659849278219,0.41759607994981757,1464,15,0.010245901639344262,0.0252,-0.014954098360655739,0.40658339838667706,-0.011012681563140503,0.9736283862193048,-0.00039086708280609145
device_diversity_30d,"(32.0, 36.0]",6982,116,0.016614150673159554,0.025471428571428572,-0.008857277898269018,0.6522661509372791,1577,16,0.010145846544071021,0.0252,-0.01505415345592898,0.40261295809805636,-0.24965319283922277,0.6172525692192763,-0.006468304129088533
night_ratio_30d,"(0.699, 0.799]",7003,57,0.00813936884192489,0.025471428571428572,-0.017332059729503684,0.31954897304248026,1596,16,0.010025062656641603,0.0252,-0.015174937343358397,0.3978199466921271,0.07827097364964686,1.2449420245650409,0.0018856938147167133
spending_trend,"(4.015, 4.507]",7000,47,0.006714285714285714,0.025471428571428572,-0.018757142857142858,0.26360067302299495,1534,15,0.009778357235984355,0.0252,-0.015421642764015645,0.3880300490469982,0.12442937602400328,1.4720373932471384,0.0030640715216986407
amount_to_max_30d,"(4.014, inf]",7000,46,0.006571428571428572,0.025471428571428572,-0.0189,0.2579921480650589,1533,14,0.0091324200913242,0.0252,-0.0160675799086758,0.36239762267159525,0.10440547460653637,1.4046846928671772,0.0025609915198956286
distinct_countries_30d,"(16.0, 18.0]",5705,86,0.015074496056091149,0.025471428571428572,-0.010396932515337423,0.5918198115122717,1152,10,0.008680555555555556,0.0252,-0.016519444444444444,0.3444664902998236,-0.24735332121244807,0.5820462293034182,-0.006393940500535593
mcc_entropy_30d,"(2.402, 2.794]",7007,41,0.00585129156557728,0.025471428571428572,-0.01962013700585129,0.22971980347190668,1441,12,0.008327550312283136,0.0252,-0.016872449687716864,0.3304583457255213,0.10073854225361462,1.438527890467251,0.0024762587467058563
mcc_entropy_30d,"(3.6, inf]",6980,35,0.00501432664756447,0.025471428571428572,-0.0204571019238641,0.1968608330507644,1483,12,0.008091706001348618,0.0252,-0.01710829399865138,0.321099444497961,0.12423861144719661,1.631098669505582,0.0030773793537841477
mcc_entropy_30d,"(3.198, 3.6]",7012,42,0.005989731888191671,0.025471428571428572,-0.0194816966832369,0.2351549255038794,1487,12,0.008069939475453935,0.0252,-0.017130060524546065,0.3202356934703942,0.08508076796651481,1.3618072911821868,0.0020802075872622637
max_amount_30d,"(-inf, 24880.755]",7000,52,0.0074285714285714285,0.025471428571428572,-0.018042857142857145,0.2916432978126753,1523,12,0.007879185817465528,0.0252,-0.01732081418253447,0.3126661038676797,0.021022806055004395,1.0720839640087443,0.00045061438889409944
max_amount_30d,"(24880.755, 49961.108]",7000,37,0.005285714285714286,0.025471428571428572,-0.020185714285714286,0.20751542344363433,1533,12,0.007827788649706457,0.0252,-0.017372211350293543,0.31062653371851023,0.1031111102748759,1.4968840728409714,0.0025420743639921715
amount_to_max_30d,"(2.0, 4.014]",7000,62,0.008857142857142857,0.025471428571428572,-0.016614285714285713,0.3477285473920359,1584,12,0.007575757575757576,0.0252,-0.017624242424242424,0.30062530062530063,-0.047103246766735274,0.8645401765700578,-0.0012813852813852809
distinct_countries_30d,"(23.0, inf]",5519,38,0.006885305308932777,0.025471428571428572,-0.018586123262495795,0.2703148466771141,1238,9,0.007269789983844911,0.0252,-0.01793021001615509,0.2884837295176552,0.018168882840541134,1.0672137768112666,0.00038448467491213403
std_amount_30d,"(3.18, 4.41]",6938,80,0.01153070049005477,0.025471428571428572,-0.013940728081373801,0.4526915503667044,1462,10,0.006839945280437756,0.0252,-0.018360054719562244,0.2714264000173713,-0.1812651503493331,0.5995835336398875,-0.004690755209617014
night_ratio_30d,"(0.899, inf]",6976,44,0.006307339449541285,0.025471428571428572,-0.019164089121887287,0.24762409504648902,1441,9,0.006245662734212352,0.0252,-0.018954337265787647,0.24784375929414096,0.00021966424765193504,1.0008870834913042,-6.167671532893246e-05
night_ratio_30d,"(0.799, 0.899]",7008,43,0.006135844748858447,0.025471428571428572,-0.019335583822570127,0.24089126888395473,1509,9,0.005964214711729622,0.0252,-0.019235785288270378,0.2366751869733977,-0.004216081910557029,0.9824979837891674,-0.00017163003712882506
mcc_entropy_30d,"(2.794, 3.198]",6997,36,0.005145062169501215,0.025471428571428572,-0.020326366401927358,0.2019934671144616,1558,9,0.005776636713735558,0.0252,-0.019423363286264442,0.22923161562442693,0.027238148509965338,1.1348466748168835,0.0006315745442343436
std_amount_30d,"(4.41, inf]",6974,76,0.010897619730427301,0.025471428571428572,-0.014573808841001271,0.4278370056813859,1561,9,0.005765534913516977,0.0252,-0.019434465086483024,0.22879106799670543,-0.19904593768468046,0.5347622211817881,-0.005132084816910324
